chrI	185	385	protein_coding+	0
chrI	388	588	protein_coding+	0
chrI	2019	2219	protein_coding-	0
chrI	2330	2530	protein_coding+	0
chrI	8866	9066	protein_coding-	0
chrI	9941	10141	protein_coding+	0
chrI	11801	12001	protein_coding-	0
chrI	11896	12096	protein_coding+	0
chrI	13593	13793	protein_coding-	0
chrI	21416	21616	protein_coding+	0
chrI	22535	22735	protein_coding-	0
chrI	27818	28018	protein_coding-	0
chrI	31417	31617	protein_coding+	0
chrI	33298	33498	protein_coding+	0
chrI	35005	35205	protein_coding+	0
chrI	36359	36559	protein_coding+	0.22
chrI	36768	36968	protein_coding-	0.075
chrI	37314	37514	protein_coding+	0
chrI	38896	39096	protein_coding-	0
chrI	39109	39309	protein_coding+	0
chrI	42027	42227	protein_coding+	0
chrI	44872	45072	protein_coding-	0
chrI	45749	45949	protein_coding+	0
chrI	48414	48614	protein_coding+	0
chrI	52445	52645	protein_coding-	0.16
chrI	54434	54634	protein_coding+	0
chrI	54639	54839	protein_coding-	0
chrI	56707	56907	protein_coding-	0
chrI	57235	57435	protein_coding-	0
chrI	57368	57568	protein_coding+	0
chrI	57646	57846	protein_coding-	1.76
chrI	58312	58512	protein_coding-	2.73
chrI	60902	61102	protein_coding-	0
chrI	61166	61366	protein_coding+	0
chrI	61458	61658	protein_coding-	0
chrI	62690	62890	protein_coding+	1.74
chrI	67370	67570	protein_coding-	0.445
chrI	69375	69575	protein_coding-	0
chrI	71636	71836	protein_coding+	44.185
chrI	73150	73350	protein_coding-	103.465
chrI	73368	73568	protein_coding-	55.815
chrI	73870	74070	protein_coding+	0
chrI	76002	76202	protein_coding-	0
chrI	76277	76477	protein_coding+	0
chrI	79568	79768	protein_coding+	0
chrI	79692	79892	protein_coding-	0
chrI	81801	82001	protein_coding-	0
chrI	82556	82756	protein_coding+	0
chrI	84324	84524	protein_coding-	0
chrI	84519	84719	protein_coding+	0
chrI	86881	87081	protein_coding-	0
chrI	87136	87336	protein_coding+	0
chrI	92120	92320	protein_coding-	0
chrI	92750	92950	protein_coding+	0
chrI	94537	94737	protein_coding+	0
chrI	95673	95873	protein_coding-	0
chrI	99155	99355	ncRNA+	0
chrI	99254	99454	srna+	0
chrI	99547	99747	protein_coding-	0
chrI	100995	101195	protein_coding-	0.725
chrI	105722	105922	protein_coding-	0
chrI	108401	108601	protein_coding-	1.905
chrI	110280	110480	protein_coding-	0
chrI	113209	113409	protein_coding-	0.765
chrI	114100	114300	protein_coding+	0
chrI	114465	114665	protein_coding-	0
chrI	114769	114969	protein_coding+	0
chrI	119391	119591	protein_coding-	0
chrI	120075	120275	protein_coding+	0
chrI	124342	124542	protein_coding-	0
chrI	124729	124929	protein_coding+	0
chrI	124919	125119	protein_coding-	0.82
chrI	127952	128152	protein_coding-	0
chrI	128869	129069	protein_coding-	0
chrI	129120	129320	protein_coding+	0
chrI	130649	130849	protein_coding+	6.445
chrI	132049	132249	protein_coding+	4.195
chrI	135515	135715	protein_coding-	0
chrI	135704	135904	protein_coding+	0
chrI	136764	136964	protein_coding+	0
chrI	138195	138395	protein_coding-	0
chrI	139002	139202	tRNA+	0
chrI	139101	139301	trna+	0
chrI	140610	140810	protein_coding+	0
chrI	141281	141481	protein_coding-	1.18
chrI	142024	142224	protein_coding+	5.53
chrI	142217	142417	snoRNA+	7.025
chrI	142315	142515	snorna+	14.84
chrI	143557	143757	protein_coding+	1.115
chrI	151016	151216	protein_coding-	0
chrI	152107	152307	protein_coding+	0
chrI	154574	154774	protein_coding-	0
chrI	154855	155055	protein_coding+	0
chrI	158469	158669	protein_coding-	0
chrI	158816	159016	protein_coding+	0
chrI	164037	164237	transposable_element-	0
chrI	165716	165916	transposable_element-	0
chrI	166117	166317	tRNA+	6.855
chrI	166216	166416	trna+	4.425
chrI	168721	168921	protein_coding-	0
chrI	169225	169425	protein_coding+	0
chrI	171553	171753	protein_coding-	0
chrI	174848	175048	protein_coding+	0
chrI	174985	175185	protein_coding-	0
chrI	176873	177073	protein_coding-	0
chrI	179670	179870	protein_coding-	0
chrI	180991	181191	tRNA+	0
chrI	181090	181290	trna+	0
chrI	182453	182653	tRNA-	0
chrI	183620	183820	protein_coding+	0
chrI	184742	184942	protein_coding+	0
chrI	186171	186371	protein_coding+	0
chrI	186686	186886	protein_coding+	0
chrI	186703	186903	protein_coding-	0
chrI	187957	188157	protein_coding+	0
chrI	190043	190243	protein_coding+	0
chrI	192267	192467	protein_coding-	0
chrI	192469	192669	protein_coding+	0
chrI	201637	201837	protein_coding-	0
chrI	203253	203453	protein_coding+	0
chrI	208217	208417	protein_coding+	0
chrI	217342	217542	protein_coding-	0
chrI	217990	218190	pseudogene+	0
chrI	220048	220248	protein_coding+	0
chrI	220899	221099	protein_coding+	0
chrI	222256	222456	protein_coding+	0
chrI	224154	224354	protein_coding-	0
chrI	224712	224912	protein_coding-	0
chrI	225310	225510	protein_coding+	0
chrI	227592	227792	protein_coding+	0
chrI	228694	228894	protein_coding+	0
chrII	496	696	protein_coding+	0
chrII	2508	2708	protein_coding-	0
chrII	2749	2949	protein_coding-	0
chrII	4859	5059	protein_coding-	0
chrII	5640	5840	protein_coding+	0
chrII	7583	7783	protein_coding-	0
chrII	8027	8227	protein_coding+	0
chrII	9118	9318	protein_coding+	0
chrII	9433	9633	tRNA+	0
chrII	9532	9732	trna+	0
chrII	10401	10601	protein_coding-	0
chrII	13729	13929	protein_coding-	0
chrII	17546	17746	protein_coding-	0
chrII	21143	21343	protein_coding-	0
chrII	23386	23586	protein_coding-	0
chrII	23948	24148	protein_coding+	0
chrII	28149	28349	protein_coding-	0
chrII	28277	28477	protein_coding+	0
chrII	29785	29985	transposable_element+	0
chrII	36248	36448	tRNA+	0
chrII	36347	36547	trna+	0
chrII	36903	37103	protein_coding+	2.725
chrII	37153	37353	protein_coding-	25.145
chrII	38995	39195	protein_coding+	0
chrII	40681	40881	protein_coding+	0
chrII	43127	43327	protein_coding+	0
chrII	43332	43532	protein_coding-	0.03
chrII	43947	44147	protein_coding-	0.295
chrII	44768	44968	protein_coding-	0
chrII	45828	46028	protein_coding+	36.035
chrII	47030	47230	protein_coding-	0
chrII	48478	48678	protein_coding-	0
chrII	48675	48875	protein_coding+	0
chrII	49424	49624	protein_coding+	0
chrII	59232	59432	protein_coding-	0
chrII	60589	60789	protein_coding-	6.175
chrII	62452	62652	protein_coding-	0
chrII	63726	63926	protein_coding+	0
chrII	69295	69495	protein_coding-	0.185
chrII	69988	70188	protein_coding-	0
chrII	70977	71177	protein_coding-	0
chrII	71716	71916	protein_coding+	0
chrII	74545	74745	protein_coding-	0
chrII	75109	75309	protein_coding+	0
chrII	80581	80781	protein_coding-	0
chrII	80747	80947	protein_coding+	0.655
chrII	84111	84311	protein_coding-	1.735
chrII	86298	86498	protein_coding-	0
chrII	87496	87696	protein_coding+	0
chrII	87639	87839	protein_coding-	0
chrII	88040	88240	snoRNA+	59.7
chrII	88139	88339	snorna+	74.785
chrII	88975	89175	protein_coding-	21.415
chrII	89406	89606	protein_coding-	0.825
chrII	89828	90028	protein_coding+	0
chrII	90381	90581	protein_coding-	0
chrII	90591	90791	protein_coding+	0
chrII	90775	90975	protein_coding-	0
chrII	91644	91844	protein_coding+	0
chrII	92264	92464	protein_coding+	0
chrII	95732	95932	protein_coding-	0
chrII	99813	100013	protein_coding+	0.05
chrII	99965	100165	protein_coding-	0.79
chrII	101006	101206	protein_coding-	0
chrII	101736	101936	protein_coding+	0
chrII	105158	105358	protein_coding+	0.02
chrII	107256	107456	protein_coding-	0
chrII	107782	107982	protein_coding+	0
chrII	110389	110589	protein_coding-	0
chrII	110444	110644	protein_coding+	0
chrII	111287	111487	protein_coding+	0.805
chrII	113277	113477	protein_coding-	0
chrII	113612	113812	protein_coding+	0.825
chrII	116679	116879	protein_coding-	0
chrII	117439	117639	protein_coding+	0.36
chrII	119185	119385	protein_coding+	0
chrII	121724	121924	protein_coding-	0
chrII	124609	124809	protein_coding-	1.19
chrII	124975	125175	protein_coding+	0
chrII	126678	126878	protein_coding+	0
chrII	127149	127349	protein_coding+	0
chrII	131890	132090	protein_coding-	0
chrII	132274	132474	protein_coding+	0
chrII	135366	135566	protein_coding-	0.61
chrII	135848	136048	protein_coding+	0
chrII	136538	136738	protein_coding+	0
chrII	140110	140310	protein_coding-	0.455
chrII	141097	141297	protein_coding+	0.2
chrII	142718	142918	protein_coding-	0
chrII	143243	143443	protein_coding+	0
chrII	144881	145081	protein_coding-	3.08
chrII	145578	145778	protein_coding-	3.055
chrII	146037	146237	protein_coding+	0
chrII	147059	147259	protein_coding+	0.035
chrII	151070	151270	protein_coding-	0
chrII	153460	153660	protein_coding-	0
chrII	158239	158439	protein_coding-	0
chrII	159543	159743	protein_coding-	0.32
chrII	160034	160234	protein_coding+	0
chrII	161549	161749	protein_coding+	0
chrII	163847	164047	protein_coding-	22.555
chrII	164622	164822	protein_coding-	0
chrII	165984	166184	protein_coding+	0
chrII	167688	167888	protein_coding-	0
chrII	168273	168473	protein_coding+	1.265
chrII	170473	170673	protein_coding+	0
chrII	171331	171531	protein_coding+	0
chrII	172384	172584	protein_coding+	0
chrII	177376	177576	protein_coding-	0
chrII	181125	181325	protein_coding-	2.97
chrII	181944	182144	protein_coding-	0
chrII	182251	182451	protein_coding+	0
chrII	184203	184403	protein_coding+	0
chrII	186324	186524	protein_coding-	0
chrII	191433	191633	protein_coding-	0.05
chrII	192301	192501	protein_coding+	0.9
chrII	193972	194172	protein_coding+	0
chrII	197344	197544	tRNA+	0
chrII	197443	197643	trna+	0
chrII	197549	197749	tRNA-	0
chrII	201598	201798	protein_coding-	0
chrII	201906	202106	protein_coding+	0
chrII	203388	203588	protein_coding+	0
chrII	203657	203857	protein_coding-	0.3
chrII	206799	206999	protein_coding-	0
chrII	207044	207244	protein_coding+	0
chrII	209259	209459	protein_coding+	0
chrII	209503	209703	protein_coding+	0
chrII	216216	216416	protein_coding-	22.85
chrII	216561	216761	protein_coding+	0.09
chrII	216979	217179	protein_coding-	0.93
chrII	217320	217520	protein_coding+	0
chrII	221180	221380	transposable_element+	0
chrII	226925	227125	tRNA+	6.97
chrII	227024	227224	trna+	0.42
chrII	227486	227686	protein_coding+	0
chrII	235642	235842	protein_coding-	77.89
chrII	236342	236542	protein_coding+	40.825
chrII	237317	237517	protein_coding-	11.23
chrII	241133	241333	protein_coding-	0
chrII	242418	242618	protein_coding-	0.66
chrII	242659	242859	protein_coding+	0
chrII	245517	245717	protein_coding-	0
chrII	245756	245956	protein_coding+	0
chrII	246860	247060	protein_coding+	0
chrII	250866	251066	protein_coding-	0
chrII	254059	254259	protein_coding-	0
chrII	255534	255734	protein_coding-	25.94
chrII	256181	256381	protein_coding+	71.195
chrII	257825	258025	protein_coding-	5.645
chrII	259416	259616	protein_coding-	0
chrII	259719	259919	transposable_element+	0
chrII	265731	265931	protein_coding-	0
chrII	266228	266428	tRNA+	0
chrII	266327	266527	trna+	0
chrII	267186	267386	protein_coding-	0
chrII	269353	269553	protein_coding-	0.185
chrII	270097	270297	protein_coding+	0.895
chrII	273553	273753	protein_coding-	0
chrII	275377	275577	protein_coding-	0
chrII	278202	278402	protein_coding-	0
chrII	278871	279071	protein_coding+	0
chrII	281293	281493	protein_coding+	0
chrII	283588	283788	protein_coding+	0
chrII	287775	287975	protein_coding-	0
chrII	289295	289495	protein_coding+	0
chrII	291715	291915	protein_coding-	12.845
chrII	293869	294069	protein_coding-	0
chrII	294206	294406	protein_coding-	0
chrII	295852	296052	protein_coding-	0
chrII	297592	297792	protein_coding-	0.67
chrII	298142	298342	protein_coding+	0
chrII	300016	300216	protein_coding+	19.685
chrII	301369	301569	protein_coding+	42.635
chrII	301794	301994	protein_coding+	0
chrII	305826	306026	protein_coding-	0
chrII	306805	307005	protein_coding-	2.14
chrII	307195	307395	snoRNA-	24.065
chrII	307541	307741	telomerase_rna+	0
chrII	310163	310363	protein_coding-	2.2
chrII	311302	311502	protein_coding-	0
chrII	311748	311948	protein_coding+	0
chrII	315425	315625	protein_coding+	0
chrII	316818	317018	protein_coding+	0
chrII	318116	318316	protein_coding+	0
chrII	321459	321659	protein_coding-	0.03
chrII	323795	323995	protein_coding-	0
chrII	325909	326109	protein_coding-	0
chrII	326715	326915	tRNA-	0
chrII	329942	330142	protein_coding-	0
chrII	331361	331561	protein_coding-	0
chrII	331683	331883	protein_coding+	0
chrII	332681	332881	protein_coding+	1.95
chrII	336668	336868	protein_coding-	0
chrII	337838	338038	protein_coding+	0
chrII	338049	338249	protein_coding-	0
chrII	339202	339402	protein_coding-	0
chrII	340601	340801	protein_coding-	0
chrII	342951	343151	protein_coding+	0
chrII	347151	347351	protein_coding-	0
chrII	347453	347653	tRNA+	0
chrII	347552	347752	trna+	0
chrII	347729	347929	protein_coding+	0
chrII	350677	350877	tRNA+	0
chrII	350776	350976	trna+	0
chrII	351105	351305	protein_coding+	0
chrII	351301	351501	protein_coding-	0
chrII	353143	353343	protein_coding-	0.075
chrII	355867	356067	protein_coding-	0
chrII	356416	356616	protein_coding-	0.035
chrII	360037	360237	protein_coding-	0.01
chrII	362364	362564	protein_coding-	0
chrII	365569	365769	protein_coding-	0
chrII	366450	366650	protein_coding-	0
chrII	367613	367813	protein_coding+	0
chrII	368034	368234	protein_coding-	0
chrII	369528	369728	protein_coding-	0
chrII	370549	370749	protein_coding-	0
chrII	372585	372785	protein_coding-	0.28
chrII	375540	375740	protein_coding-	5.355
chrII	376559	376759	srna+	0
chrII	378283	378483	protein_coding-	1.005
chrII	379784	379984	protein_coding-	0
chrII	380261	380461	protein_coding+	0
chrII	381880	382080	protein_coding+	0
chrII	382871	383071	protein_coding-	0
chrII	382962	383162	protein_coding+	0
chrII	386136	386336	protein_coding+	0
chrII	390077	390277	protein_coding+	0
chrII	391467	391667	protein_coding-	1.02
chrII	392143	392343	protein_coding-	0
chrII	392973	393173	protein_coding+	13.535
chrII	398127	398327	protein_coding-	0
chrII	400740	400940	protein_coding-	0
chrII	405101	405301	protein_coding-	0
chrII	405769	405969	tRNA+	0
chrII	405909	406109	trna+	0
chrII	407019	407219	protein_coding-	3.775
chrII	409019	409219	protein_coding+	1.235
chrII	410904	411104	protein_coding+	0
chrII	415111	415311	protein_coding-	0.17
chrII	415833	416033	protein_coding+	0
chrII	419014	419214	protein_coding-	0
chrII	422891	423091	protein_coding-	0
chrII	423615	423815	protein_coding+	0
chrII	425033	425233	protein_coding+	0
chrII	425616	425816	protein_coding-	0.2
chrII	426339	426539	protein_coding-	12.37
chrII	426908	427108	protein_coding-	0
chrII	427334	427534	protein_coding-	0.605
chrII	428951	429151	protein_coding-	3.33
chrII	430801	431001	protein_coding-	0
chrII	431886	432086	protein_coding+	0
chrII	435548	435748	protein_coding-	0
chrII	435871	436071	protein_coding+	0
chrII	436801	437001	protein_coding+	0
chrII	441365	441565	protein_coding+	0
chrII	443157	443357	protein_coding-	0
chrII	444543	444743	protein_coding-	15.02
chrII	447173	447373	protein_coding-	0
chrII	447559	447759	protein_coding+	0
chrII	449313	449513	protein_coding-	0
chrII	449517	449717	protein_coding+	0
chrII	451819	452019	protein_coding-	0
chrII	452508	452708	protein_coding+	9.05
chrII	454380	454580	protein_coding-	0
chrII	454672	454872	protein_coding+	0
chrII	458212	458412	protein_coding-	0.68
chrII	458458	458658	protein_coding+	0
chrII	458722	458922	protein_coding+	0
chrII	461723	461923	protein_coding-	0
chrII	461989	462189	protein_coding+	0
chrII	465416	465616	protein_coding+	2.67
chrII	465620	465820	protein_coding-	1.445
chrII	467098	467298	protein_coding+	0
chrII	473776	473976	protein_coding-	0.15
chrII	474576	474776	protein_coding-	0
chrII	476287	476487	protein_coding-	0
chrII	477521	477721	protein_coding+	74.145
chrII	479188	479388	protein_coding+	41.51
chrII	480773	480973	protein_coding-	0
chrII	482334	482534	protein_coding-	0
chrII	483217	483417	protein_coding-	0
chrII	484353	484553	protein_coding-	0.885
chrII	486357	486557	protein_coding+	0
chrII	486541	486741	protein_coding-	0
chrII	488230	488430	protein_coding-	0
chrII	490242	490442	protein_coding-	3.195
chrII	490738	490938	protein_coding+	10.365
chrII	492672	492872	protein_coding-	1.61
chrII	493965	494165	protein_coding-	0
chrII	495189	495389	protein_coding-	0.14
chrII	496719	496919	protein_coding-	0
chrII	497013	497213	protein_coding+	0
chrII	497589	497789	protein_coding-	0
chrII	501292	501492	protein_coding-	0.795
chrII	504093	504293	protein_coding+	2.19
chrII	504137	504337	protein_coding-	1.61
chrII	504704	504904	protein_coding+	2.45
chrII	505518	505718	protein_coding+	0
chrII	512894	513094	protein_coding+	0
chrII	515186	515386	protein_coding-	0
chrII	515514	515714	protein_coding+	0
chrII	526478	526678	protein_coding-	0
chrII	527017	527217	protein_coding+	0
chrII	527888	528088	protein_coding-	0
chrII	528167	528367	protein_coding+	0
chrII	532032	532232	protein_coding-	1.23
chrII	533399	533599	protein_coding-	0
chrII	533612	533812	protein_coding+	0
chrII	535110	535310	protein_coding+	0
chrII	536425	536625	protein_coding+	0
chrII	537726	537926	protein_coding+	0
chrII	539837	540037	protein_coding+	0
chrII	544343	544543	protein_coding-	0
chrII	544878	545078	protein_coding+	0
chrII	546226	546426	protein_coding+	0
chrII	547310	547510	protein_coding+	0
chrII	548859	549059	protein_coding-	0.09
chrII	549621	549821	protein_coding+	0
chrII	553050	553250	protein_coding-	0
chrII	554160	554360	protein_coding-	0.165
chrII	556399	556599	protein_coding+	18.235
chrII	558535	558735	protein_coding+	0
chrII	559928	560128	protein_coding+	0
chrII	561484	561684	protein_coding+	0
chrII	564420	564620	protein_coding-	9.175
chrII	565081	565281	protein_coding+	2.225
chrII	565573	565773	protein_coding+	8.86
chrII	568276	568476	protein_coding-	0
chrII	568702	568902	protein_coding+	0
chrII	571050	571250	protein_coding-	0
chrII	571740	571940	protein_coding-	0
chrII	572221	572421	protein_coding+	0
chrII	575846	576046	protein_coding-	0
chrII	577936	578136	protein_coding-	0
chrII	578214	578414	protein_coding+	0
chrII	581222	581422	protein_coding-	1.53
chrII	582022	582222	protein_coding-	3.88
chrII	582258	582458	protein_coding+	0
chrII	582502	582702	protein_coding-	0
chrII	583570	583770	protein_coding+	0
chrII	585921	586121	protein_coding+	0
chrII	586012	586212	protein_coding-	0.005
chrII	588964	589164	protein_coding-	0
chrII	589591	589791	protein_coding+	0
chrII	592624	592824	protein_coding-	7.26
chrII	594714	594914	protein_coding-	0
chrII	595405	595605	protein_coding-	0
chrII	595965	596165	protein_coding+	0
chrII	597213	597413	protein_coding+	0
chrII	599809	600009	protein_coding-	0
chrII	600403	600603	protein_coding+	0
chrII	602484	602684	protein_coding+	0
chrII	603957	604157	protein_coding-	0
chrII	604358	604558	protein_coding+	0
chrII	605816	606016	protein_coding+	0
chrII	606120	606320	protein_coding+	0
chrII	606999	607199	protein_coding+	8.445
chrII	607502	607702	protein_coding+	0
chrII	609603	609803	protein_coding-	0
chrII	609888	610088	protein_coding+	0
chrII	611732	611932	protein_coding-	0
chrII	613750	613950	protein_coding-	11.6
chrII	614023	614223	protein_coding-	2.915
chrII	614480	614680	protein_coding-	2.875
chrII	615706	615906	protein_coding-	0
chrII	618373	618573	protein_coding-	0
chrII	618759	618959	protein_coding+	0
chrII	620722	620922	protein_coding+	0
chrII	622833	623033	protein_coding+	0
chrII	623426	623626	protein_coding+	0
chrII	624546	624746	protein_coding-	0
chrII	625622	625822	protein_coding+	0.25
chrII	629018	629218	protein_coding+	0
chrII	633231	633431	protein_coding-	0
chrII	633472	633672	protein_coding+	0
chrII	634451	634651	protein_coding+	0
chrII	634996	635196	protein_coding+	0.115
chrII	642060	642260	protein_coding-	0.385
chrII	642433	642633	protein_coding+	0
chrII	642928	643128	tRNA-	0.01
chrII	645017	645217	tRNA+	3.12
chrII	645116	645316	trna+	0.175
chrII	645400	645600	protein_coding+	0
chrII	646982	647182	protein_coding-	0
chrII	647736	647936	protein_coding+	0
chrII	650218	650418	protein_coding+	0
chrII	651265	651465	protein_coding+	0
chrII	653206	653406	protein_coding+	0
chrII	657450	657650	protein_coding-	0
chrII	657682	657882	protein_coding+	0
chrII	662099	662299	protein_coding-	1.1
chrII	663153	663353	protein_coding-	0
chrII	664527	664727	protein_coding-	0
chrII	666103	666303	protein_coding-	1.55
chrII	666388	666588	protein_coding+	0.545
chrII	668201	668401	protein_coding-	0.605
chrII	668571	668771	protein_coding+	0
chrII	669975	670175	protein_coding+	0
chrII	670147	670347	protein_coding-	0
chrII	670477	670677	protein_coding+	0
chrII	673415	673615	protein_coding-	0
chrII	674984	675184	protein_coding-	0
chrII	675163	675363	protein_coding+	0
chrII	679071	679271	protein_coding-	0
chrII	679900	680100	protein_coding-	0
chrII	680212	680412	protein_coding+	17.55
chrII	681712	681912	snRNA-	48.79
chrII	682940	683140	protein_coding-	0
chrII	683278	683478	protein_coding+	0
chrII	683582	683782	protein_coding-	0
chrII	684827	685027	protein_coding+	0
chrII	686442	686642	protein_coding-	0
chrII	686751	686951	protein_coding+	0
chrII	691543	691743	protein_coding-	0
chrII	691819	692019	protein_coding+	0
chrII	697152	697352	protein_coding-	0.03
chrII	699793	699993	protein_coding-	0
chrII	701692	701892	protein_coding-	0
chrII	703905	704105	protein_coding-	0
chrII	704520	704720	protein_coding+	0
chrII	706643	706843	protein_coding-	0
chrII	707378	707578	protein_coding+	0
chrII	711389	711589	protein_coding-	0
chrII	711441	711641	protein_coding+	0
chrII	714305	714505	protein_coding-	0
chrII	716315	716515	protein_coding-	0.095
chrII	717844	718044	protein_coding-	6.075
chrII	718883	719083	protein_coding+	0
chrII	721240	721440	protein_coding+	0
chrII	722461	722661	protein_coding+	0
chrII	723120	723320	protein_coding+	2.445
chrII	724113	724313	protein_coding-	0
chrII	724306	724506	protein_coding+	0
chrII	726924	727124	protein_coding-	2.345
chrII	727952	728152	protein_coding-	0.605
chrII	728735	728935	protein_coding+	0
chrII	730012	730212	protein_coding-	0
chrII	730237	730437	protein_coding+	0
chrII	734489	734689	protein_coding-	0.085
chrII	735380	735580	protein_coding-	0.715
chrII	735890	736090	protein_coding-	5.235
chrII	736114	736314	protein_coding+	0
chrII	738219	738419	protein_coding-	0
chrII	738432	738632	protein_coding+	0
chrII	739691	739891	protein_coding+	0.195
chrII	740238	740438	protein_coding-	0.88
chrII	741149	741349	protein_coding+	1.215
chrII	742426	742626	protein_coding-	0.17
chrII	744248	744448	protein_coding-	0
chrII	744702	744902	protein_coding+	0
chrII	747653	747853	protein_coding-	0
chrII	749221	749421	protein_coding-	0
chrII	749444	749644	protein_coding+	0
chrII	756956	757156	protein_coding-	0
chrII	759893	760093	protein_coding-	0
chrII	760144	760344	protein_coding+	0
chrII	760466	760666	protein_coding-	0
chrII	761107	761307	protein_coding+	0
chrII	764547	764747	protein_coding-	0
chrII	767456	767656	protein_coding-	0
chrII	768090	768290	protein_coding+	0
chrII	770265	770465	protein_coding-	0.425
chrII	771089	771289	protein_coding+	0
chrII	773772	773972	protein_coding+	0
chrII	774550	774750	protein_coding+	0
chrII	776421	776621	protein_coding+	0.5
chrII	779313	779513	protein_coding-	0
chrII	779517	779717	protein_coding+	0
chrII	782441	782641	protein_coding+	1.115
chrII	784422	784622	protein_coding-	0
chrII	784923	785123	protein_coding-	0
chrII	786856	787056	protein_coding+	0
chrII	789085	789285	protein_coding+	0
chrII	792699	792899	protein_coding+	0
chrII	798372	798572	protein_coding-	0
chrII	800092	800292	protein_coding-	0
chrII	800373	800573	protein_coding+	0
chrII	804325	804525	protein_coding-	0
chrII	805106	805306	protein_coding-	0
chrII	805201	805401	protein_coding+	0
chrII	808907	809107	protein_coding+	0
chrII	808947	809147	protein_coding-	0
chrII	811329	811529	protein_coding-	0
chrIII	1242	1442	protein_coding+	0
chrIII	1976	2176	pseudogene+	0
chrIII	2674	2874	pseudogene+	0
chrIII	8176	8376	protein_coding-	0
chrIII	9556	9756	protein_coding+	0
chrIII	12135	12335	protein_coding-	0
chrIII	12868	13068	protein_coding-	0
chrIII	13132	13332	protein_coding+	0
chrIII	13601	13801	protein_coding+	0
chrIII	16730	16930	protein_coding-	0.03
chrIII	17140	17340	protein_coding+	0
chrIII	21956	22156	protein_coding-	0
chrIII	23229	23429	protein_coding-	0
chrIII	23434	23634	protein_coding+	0.065
chrIII	23831	24031	protein_coding-	8.515
chrIII	24175	24375	protein_coding-	7.71
chrIII	24618	24818	protein_coding+	0
chrIII	27209	27409	protein_coding-	0
chrIII	27779	27979	protein_coding+	0
chrIII	30760	30960	protein_coding+	0
chrIII	31299	31499	protein_coding+	0
chrIII	35243	35443	protein_coding-	0
chrIII	35715	35915	protein_coding+	0
chrIII	38651	38851	protein_coding-	0
chrIII	40574	40774	protein_coding-	1.045
chrIII	41338	41538	protein_coding+	0
chrIII	42015	42215	protein_coding+	0
chrIII	44287	44487	protein_coding-	0
chrIII	46490	46690	protein_coding+	0
chrIII	46755	46955	protein_coding-	0.385
chrIII	48214	48414	protein_coding-	0.05
chrIII	50071	50271	protein_coding-	6.405
chrIII	50434	50634	protein_coding+	0
chrIII	50477	50677	protein_coding-	0
chrIII	50688	50888	protein_coding+	0
chrIII	52495	52695	protein_coding+	0.87
chrIII	56377	56577	protein_coding-	0
chrIII	58528	58728	protein_coding-	4.23
chrIII	58876	59076	protein_coding+	0
chrIII	61023	61223	protein_coding-	0.3
chrIII	61508	61708	protein_coding+	0
chrIII	63132	63332	protein_coding-	0
chrIII	63291	63491	protein_coding+	0
chrIII	65418	65618	protein_coding-	0.64
chrIII	68183	68383	protein_coding-	2.735
chrIII	69771	69971	protein_coding-	0
chrIII	70000	70200	protein_coding+	0
chrIII	71653	71853	protein_coding+	0
chrIII	73836	74036	protein_coding-	0
chrIII	75135	75335	protein_coding-	0
chrIII	77769	77969	protein_coding-	24.05
chrIII	79012	79212	protein_coding+	0
chrIII	79146	79346	protein_coding-	0
chrIII	81935	82135	protein_coding-	0
chrIII	82383	82583	tRNA-	0.755
chrIII	83470	83670	protein_coding+	0
chrIII	84952	85152	transposable_element+	0
chrIII	90709	90909	tRNA+	77.165
chrIII	90808	91008	trna+	13.44
chrIII	91174	91374	protein_coding+	29.315
chrIII	94120	94320	protein_coding-	0
chrIII	95613	95813	protein_coding-	0
chrIII	96131	96331	protein_coding+	0
chrIII	101638	101838	protein_coding-	0
chrIII	103208	103408	protein_coding-	1.665
chrIII	104200	104400	protein_coding-	1.415
chrIII	105398	105598	protein_coding-	1.685
chrIII	106703	106903	protein_coding-	0
chrIII	106873	107073	protein_coding+	0
chrIII	107216	107416	protein_coding-	43.915
chrIII	107562	107762	snoRNA-	60.76
chrIII	107871	108071	protein_coding+	0
chrIII	108955	109155	protein_coding+	0
chrIII	111525	111725	protein_coding-	0
chrIII	111766	111966	protein_coding+	0
chrIII	112930	113130	protein_coding+	0
chrIII	113620	113820	protein_coding+	0
chrIII	115535	115735	protein_coding+	0
chrIII	118198	118398	protein_coding-	0
chrIII	118470	118670	protein_coding+	0
chrIII	120168	120368	protein_coding-	0
chrIII	122178	122378	protein_coding-	10.21
chrIII	122853	123053	protein_coding-	0
chrIII	123498	123698	tRNA-	2.305
chrIII	126580	126780	protein_coding-	0
chrIII	127566	127766	tRNA+	0
chrIII	127665	127865	trna+	0
chrIII	128320	128520	protein_coding+	0
chrIII	131392	131592	protein_coding-	0
chrIII	132974	133174	protein_coding-	0
chrIII	136723	136923	protein_coding-	0
chrIII	137596	137796	protein_coding+	31.23
chrIII	138899	139099	protein_coding-	91.075
chrIII	140783	140983	protein_coding-	0
chrIII	142020	142220	protein_coding-	5.275
chrIII	142396	142596	snoRNA-	0
chrIII	142621	142821	tRNA-	0
chrIII	143484	143684	protein_coding+	0
chrIII	147484	147684	protein_coding-	0
chrIII	148753	148953	protein_coding-	0
chrIII	149770	149970	tRNA+	0
chrIII	149869	150069	trna+	0
chrIII	151206	151406	tRNA-	0
chrIII	151712	151912	protein_coding-	0
chrIII	152687	152887	protein_coding+	0
chrIII	154509	154709	protein_coding-	0
chrIII	154946	155146	protein_coding-	0
chrIII	155170	155370	protein_coding+	0
chrIII	156957	157157	protein_coding-	0
chrIII	157615	157815	protein_coding-	0
chrIII	160223	160423	protein_coding-	0
chrIII	162072	162272	protein_coding-	1.135
chrIII	162715	162915	protein_coding-	50.345
chrIII	162917	163117	protein_coding-	57.375
chrIII	163706	163906	protein_coding-	0
chrIII	166189	166389	protein_coding-	0
chrIII	167849	168049	protein_coding-	0
chrIII	168222	168422	tRNA-	0
chrIII	172274	172474	protein_coding-	0
chrIII	173290	173490	protein_coding-	0
chrIII	176288	176488	protein_coding-	0
chrIII	177033	177233	snoRNA+	5.235
chrIII	177132	177332	snorna+	14.895
chrIII	178070	178270	protein_coding-	3.41
chrIII	178648	178848	snoRNA-	9.765
chrIII	179370	179570	protein_coding+	0
chrIII	186339	186539	protein_coding+	0.015
chrIII	190442	190642	protein_coding+	0
chrIII	192868	193068	protein_coding-	0.025
chrIII	193147	193347	protein_coding+	0
chrIII	197035	197235	protein_coding-	0
chrIII	199143	199343	protein_coding+	0
chrIII	199399	199599	protein_coding-	0
chrIII	200028	200228	protein_coding-	0
chrIII	200292	200492	protein_coding+	0
chrIII	200761	200961	protein_coding+	0
chrIII	205247	205447	protein_coding-	0
chrIII	205715	205915	srna+	0
chrIII	206494	206694	protein_coding-	0.145
chrIII	207800	208000	protein_coding-	0.2
chrIII	208601	208801	protein_coding+	0
chrIII	209460	209660	protein_coding-	0
chrIII	210273	210473	protein_coding-	1.805
chrIII	211151	211351	protein_coding+	0
chrIII	211395	211595	protein_coding-	0
chrIII	211779	211979	protein_coding+	0
chrIII	212167	212367	protein_coding-	0
chrIII	213622	213822	protein_coding-	0
chrIII	213921	214121	protein_coding+	0
chrIII	214844	215044	protein_coding+	0.065
chrIII	216547	216747	protein_coding+	7.865
chrIII	219917	220117	protein_coding-	0
chrIII	223078	223278	protein_coding-	0.635
chrIII	224080	224280	protein_coding-	0
chrIII	224249	224449	protein_coding+	0
chrIII	225413	225613	protein_coding+	0
chrIII	227792	227992	tRNA+	5.655
chrIII	227891	228091	trna+	2.205
chrIII	228168	228368	protein_coding+	4.465
chrIII	228355	228555	protein_coding-	6.69
chrIII	229160	229360	protein_coding+	1.575
chrIII	231350	231550	protein_coding+	3.335
chrIII	236172	236372	protein_coding-	0.135
chrIII	237064	237264	protein_coding+	0
chrIII	238905	239105	protein_coding+	0
chrIII	240393	240593	protein_coding-	0.96
chrIII	242202	242402	protein_coding-	0
chrIII	246433	246633	protein_coding-	0
chrIII	246813	247013	protein_coding+	0
chrIII	248665	248865	protein_coding-	0
chrIII	248825	249025	protein_coding+	0
chrIII	249895	250095	protein_coding-	1.21
chrIII	252478	252678	protein_coding-	2.37
chrIII	252695	252895	protein_coding+	0.14
chrIII	254221	254421	protein_coding+	0
chrIII	258501	258701	protein_coding-	0
chrIII	258733	258933	protein_coding+	3.6
chrIII	259428	259628	protein_coding+	0.67
chrIII	262302	262502	protein_coding-	2.08
chrIII	262766	262966	protein_coding+	0
chrIII	263242	263442	protein_coding+	0
chrIII	263826	264026	protein_coding+	1.8
chrIII	264317	264517	protein_coding-	0.015
chrIII	264918	265118	protein_coding+	0
chrIII	267284	267484	protein_coding+	0
chrIII	272713	272913	protein_coding-	0
chrIII	274254	274454	protein_coding+	0
chrIII	279670	279870	protein_coding-	0
chrIII	279967	280167	protein_coding+	0.63
chrIII	286612	286812	protein_coding+	0.015
chrIII	289108	289308	protein_coding-	0
chrIII	289489	289689	protein_coding+	0
chrIII	293388	293588	protein_coding-	0
chrIII	293685	293885	protein_coding+	0
chrIII	294289	294489	protein_coding+	0
chrIII	295334	295534	tRNA+	0
chrIII	295433	295633	trna+	0
chrIII	298455	298655	protein_coding-	0.06
chrIII	301149	301349	protein_coding-	0
chrIII	302071	302271	protein_coding-	0
chrIII	302880	303080	protein_coding-	0
chrIII	305317	305517	protein_coding-	0
chrIII	306585	306785	protein_coding+	0
chrIII	307651	307851	protein_coding+	0
chrIII	308920	309120	protein_coding+	0
chrIII	310808	311008	protein_coding+	0
chrIII	313740	313940	protein_coding+	0
chrIII	316038	316238	protein_coding-	0
chrIV	1652	1852	protein_coding+	0
chrIV	3612	3812	protein_coding+	0
chrIV	5835	6035	protein_coding+	0
chrIV	9606	9806	protein_coding-	0
chrIV	13210	13410	protein_coding-	0
chrIV	16054	16254	protein_coding+	0
chrIV	18416	18616	protein_coding-	0
chrIV	18809	19009	protein_coding+	0
chrIV	20485	20685	protein_coding+	0
chrIV	22458	22658	protein_coding-	0
chrIV	22673	22873	protein_coding+	0
chrIV	28625	28825	protein_coding-	0
chrIV	30304	30504	protein_coding-	0
chrIV	30507	30707	protein_coding+	0
chrIV	32146	32346	protein_coding+	0
chrIV	33768	33968	protein_coding-	0.56
chrIV	36327	36527	protein_coding-	0
chrIV	36647	36847	protein_coding+	0
chrIV	38337	38537	protein_coding+	3.1
chrIV	42094	42294	protein_coding-	0
chrIV	42550	42750	protein_coding+	0
chrIV	43915	44115	protein_coding+	17.915
chrIV	45768	45968	protein_coding-	21.315
chrIV	47881	48081	protein_coding-	0
chrIV	52023	52223	protein_coding-	0.26
chrIV	52295	52495	protein_coding+	0
chrIV	56196	56396	protein_coding-	0.575
chrIV	60255	60455	protein_coding-	0
chrIV	61651	61851	protein_coding-	0
chrIV	61861	62061	protein_coding+	0
chrIV	64868	65068	protein_coding-	0
chrIV	65092	65292	protein_coding+	0
chrIV	66343	66543	protein_coding+	0
chrIV	68456	68656	protein_coding-	0.545
chrIV	70169	70369	protein_coding-	0
chrIV	73768	73968	protein_coding-	0.88
chrIV	76395	76595	protein_coding-	0
chrIV	77816	78016	protein_coding-	0
chrIV	78276	78476	protein_coding+	0
chrIV	80262	80462	protein_coding-	0
chrIV	83398	83598	tRNA+	0
chrIV	83497	83697	trna+	0
chrIV	84120	84320	protein_coding+	0
chrIV	87076	87276	protein_coding-	0
chrIV	87362	87562	protein_coding+	2.385
chrIV	88098	88298	protein_coding+	6.465
chrIV	90026	90226	protein_coding+	0
chrIV	93595	93795	protein_coding-	0.955
chrIV	94455	94655	protein_coding+	0
chrIV	97803	98003	protein_coding-	0
chrIV	98325	98525	protein_coding+	0
chrIV	99411	99611	protein_coding+	0
chrIV	100917	101117	protein_coding-	0
chrIV	103203	103403	protein_coding-	0.13
chrIV	104401	104601	protein_coding-	10.935
chrIV	106344	106544	protein_coding-	0
chrIV	106591	106791	protein_coding+	0
chrIV	107058	107258	protein_coding+	3.735
chrIV	111430	111630	protein_coding+	0
chrIV	114522	114722	protein_coding+	0
chrIV	116171	116371	protein_coding+	6.51
chrIV	117514	117714	protein_coding+	10.585
chrIV	121442	121642	protein_coding-	0
chrIV	122066	122266	protein_coding+	0
chrIV	124848	125048	protein_coding-	0
chrIV	125466	125666	protein_coding+	0
chrIV	125688	125888	protein_coding-	0
chrIV	126637	126837	protein_coding+	0
chrIV	126685	126885	protein_coding-	0.035
chrIV	130334	130534	protein_coding-	40.025
chrIV	131683	131883	protein_coding-	0
chrIV	133287	133487	protein_coding+	0.45
chrIV	135029	135229	protein_coding+	0.52
chrIV	135746	135946	protein_coding+	0
chrIV	138141	138341	protein_coding+	0
chrIV	139372	139572	protein_coding+	0.085
chrIV	141571	141771	protein_coding-	0
chrIV	141947	142147	protein_coding+	0
chrIV	145368	145568	protein_coding-	1.39
chrIV	147439	147639	protein_coding-	0
chrIV	148041	148241	protein_coding+	1.155
chrIV	148936	149136	protein_coding-	0
chrIV	155490	155690	protein_coding-	5.965
chrIV	156168	156368	protein_coding+	0
chrIV	158585	158785	protein_coding-	0
chrIV	159454	159654	protein_coding+	0
chrIV	163004	163204	protein_coding-	1.095
chrIV	163892	164092	protein_coding-	0
chrIV	164140	164340	protein_coding+	0
chrIV	166806	167006	protein_coding+	0
chrIV	167104	167304	protein_coding-	0
chrIV	167564	167764	protein_coding+	0.235
chrIV	167565	167765	protein_coding-	0.235
chrIV	169458	169658	protein_coding-	0
chrIV	171780	171980	protein_coding-	0.225
chrIV	172032	172232	protein_coding+	0.01
chrIV	172331	172531	protein_coding+	0
chrIV	173082	173282	protein_coding-	0
chrIV	174024	174224	protein_coding-	0
chrIV	174438	174638	protein_coding-	0
chrIV	174768	174968	protein_coding+	0
chrIV	176623	176823	protein_coding+	0.08
chrIV	178184	178384	protein_coding+	0.035
chrIV	182672	182872	protein_coding+	0
chrIV	182868	183068	protein_coding-	0
chrIV	183193	183393	protein_coding+	0
chrIV	183749	183949	protein_coding-	0
chrIV	184775	184975	protein_coding+	0
chrIV	190436	190636	protein_coding-	0
chrIV	190774	190974	protein_coding+	1.41
chrIV	192600	192800	protein_coding+	0
chrIV	198026	198226	protein_coding-	0.205
chrIV	199582	199782	protein_coding-	0
chrIV	199846	200046	protein_coding+	0
chrIV	202420	202620	protein_coding-	0
chrIV	202889	203089	protein_coding+	0
chrIV	210411	210611	protein_coding-	3.52
chrIV	211896	212096	protein_coding-	0
chrIV	213201	213401	protein_coding+	0
chrIV	216379	216579	protein_coding+	1.475
chrIV	217450	217650	protein_coding+	0
chrIV	219138	219338	protein_coding-	0
chrIV	220621	220821	protein_coding-	0
chrIV	221651	221851	protein_coding-	3.29
chrIV	222277	222477	protein_coding+	0
chrIV	224154	224354	protein_coding+	0
chrIV	227243	227443	protein_coding+	0
chrIV	229021	229221	protein_coding+	0
chrIV	229756	229956	protein_coding+	20.1
chrIV	230874	231074	protein_coding+	0
chrIV	232502	232702	protein_coding+	0
chrIV	234777	234977	protein_coding+	0
chrIV	238514	238714	protein_coding-	7.2
chrIV	239456	239656	protein_coding-	1.035
chrIV	240109	240309	protein_coding+	0
chrIV	241268	241468	protein_coding+	2.32
chrIV	242402	242602	protein_coding+	0
chrIV	245432	245632	protein_coding-	0
chrIV	245773	245973	protein_coding+	0
chrIV	247152	247352	protein_coding+	0
chrIV	247462	247662	protein_coding-	0
chrIV	248431	248631	protein_coding+	0
chrIV	251416	251616	protein_coding+	0.35
chrIV	254785	254985	protein_coding+	0
chrIV	254976	255176	protein_coding-	0
chrIV	255454	255654	protein_coding+	0
chrIV	258405	258605	protein_coding-	0
chrIV	258765	258965	protein_coding+	0
chrIV	263960	264160	protein_coding-	0.395
chrIV	264814	265014	protein_coding-	5.305
chrIV	267051	267251	protein_coding-	0
chrIV	267548	267748	protein_coding+	0
chrIV	268771	268971	protein_coding+	0
chrIV	271751	271951	protein_coding-	0
chrIV	272239	272439	protein_coding+	0
chrIV	274726	274926	protein_coding-	0
chrIV	276431	276631	protein_coding-	0
chrIV	276722	276922	protein_coding+	0
chrIV	281698	281898	protein_coding-	0
chrIV	283026	283226	protein_coding-	0.17
chrIV	283269	283469	protein_coding+	0
chrIV	285015	285215	protein_coding-	0.005
chrIV	286545	286745	protein_coding-	6.205
chrIV	286909	287109	protein_coding+	2.36
chrIV	287174	287374	protein_coding-	1.645
chrIV	289759	289959	protein_coding+	0
chrIV	289931	290131	protein_coding-	0
chrIV	292631	292831	protein_coding+	0
chrIV	294609	294809	protein_coding-	0
chrIV	296179	296379	protein_coding-	0
chrIV	296670	296870	protein_coding+	0
chrIV	299853	300053	protein_coding-	0
chrIV	300849	301049	protein_coding-	0
chrIV	301263	301463	protein_coding+	0.03
chrIV	301939	302139	protein_coding-	3.82
chrIV	302520	302720	protein_coding-	0
chrIV	303061	303261	protein_coding+	0
chrIV	305087	305287	protein_coding+	0
chrIV	307639	307839	protein_coding-	3.195
chrIV	308274	308474	protein_coding+	0
chrIV	309972	310172	protein_coding-	15.325
chrIV	312321	312521	protein_coding-	0
chrIV	314598	314798	protein_coding-	0
chrIV	316238	316438	protein_coding-	0
chrIV	319970	320170	protein_coding-	0
chrIV	321402	321602	protein_coding-	0
chrIV	322076	322276	protein_coding+	1.48
chrIV	323321	323521	snoRNA-	9.925
chrIV	325999	326199	protein_coding-	0.305
chrIV	326463	326663	protein_coding+	0
chrIV	330297	330497	protein_coding-	1.915
chrIV	330874	331074	protein_coding+	4.705
chrIV	330890	331090	protein_coding-	4.705
chrIV	333350	333550	protein_coding+	0
chrIV	333660	333860	protein_coding-	0
chrIV	334246	334446	protein_coding-	7.23
chrIV	334685	334885	protein_coding+	0
chrIV	337127	337327	protein_coding-	0
chrIV	337337	337537	protein_coding+	0
chrIV	339707	339907	protein_coding+	0
chrIV	339984	340184	protein_coding-	0.08
chrIV	340648	340848	protein_coding-	18.18
chrIV	341469	341669	protein_coding+	0
chrIV	344803	345003	protein_coding-	0
chrIV	345515	345715	protein_coding+	0
chrIV	351284	351484	protein_coding+	0
chrIV	352727	352927	protein_coding+	0
chrIV	356609	356809	protein_coding-	92.515
chrIV	359427	359627	tRNA+	0
chrIV	359526	359726	trna+	0
chrIV	361135	361335	protein_coding-	0
chrIV	362106	362306	protein_coding-	0
chrIV	363433	363633	protein_coding-	3.755
chrIV	363802	364002	protein_coding+	0
chrIV	364667	364867	protein_coding-	0.04
chrIV	365724	365924	protein_coding-	0.005
chrIV	368061	368261	protein_coding-	0.07
chrIV	369621	369821	protein_coding+	0.42
chrIV	371090	371290	protein_coding+	11.1
chrIV	372098	372298	protein_coding+	4.275
chrIV	373458	373658	protein_coding-	0
chrIV	375139	375339	protein_coding-	0
chrIV	376330	376530	protein_coding-	0
chrIV	377952	378152	protein_coding+	0
chrIV	378295	378495	protein_coding-	0
chrIV	381288	381488	protein_coding-	0
chrIV	383931	384131	protein_coding-	0
chrIV	385437	385637	protein_coding-	0
chrIV	388751	388951	protein_coding-	0
chrIV	391633	391833	protein_coding+	0
chrIV	391907	392107	protein_coding-	0
chrIV	393540	393740	protein_coding+	1.94
chrIV	393762	393962	protein_coding-	0
chrIV	394067	394267	protein_coding+	0
chrIV	397387	397587	protein_coding+	0
chrIV	399190	399390	protein_coding+	0.5
chrIV	403141	403341	protein_coding-	0
chrIV	404599	404799	protein_coding+	0
chrIV	404807	405007	protein_coding-	0
chrIV	405260	405460	protein_coding+	0.025
chrIV	407056	407256	protein_coding-	0
chrIV	409707	409907	protein_coding-	0
chrIV	409906	410106	protein_coding-	0
chrIV	410229	410429	tRNA+	0
chrIV	410328	410528	trna+	0
chrIV	411675	411875	protein_coding+	0
chrIV	411931	412131	protein_coding-	0.465
chrIV	413803	414003	protein_coding+	0
chrIV	416558	416758	protein_coding-	3.85
chrIV	421364	421564	protein_coding-	0
chrIV	423360	423560	protein_coding-	0
chrIV	424059	424259	protein_coding+	0
chrIV	425722	425922	protein_coding-	0.945
chrIV	426784	426984	protein_coding-	0
chrIV	427214	427414	protein_coding+	0.735
chrIV	428917	429117	protein_coding+	0
chrIV	431367	431567	protein_coding-	0.21
chrIV	432180	432380	protein_coding+	0
chrIV	432481	432681	protein_coding-	0.02
chrIV	433098	433298	protein_coding-	0.31
chrIV	433347	433547	protein_coding+	1.09
chrIV	434186	434386	tRNA-	0
chrIV	436674	436874	protein_coding-	0
chrIV	437622	437822	tRNA+	0
chrIV	437721	437921	trna+	0
chrIV	437897	438097	protein_coding+	0
chrIV	439759	439959	protein_coding+	0
chrIV	442159	442359	protein_coding-	0
chrIV	442879	443079	protein_coding+	0
chrIV	444533	444733	protein_coding+	0
chrIV	447428	447628	protein_coding-	0
chrIV	447834	448034	protein_coding+	0
chrIV	452325	452525	protein_coding-	0
chrIV	452895	453095	protein_coding+	0.745
chrIV	453972	454172	protein_coding+	0
chrIV	454632	454832	protein_coding+	0
chrIV	455051	455251	protein_coding+	0
chrIV	457953	458153	protein_coding-	0
chrIV	461097	461297	protein_coding-	0.62
chrIV	461692	461892	protein_coding+	3.665
chrIV	462452	462652	protein_coding-	0
chrIV	463284	463484	protein_coding+	0
chrIV	465233	465433	protein_coding-	0
chrIV	465769	465969	protein_coding+	0.125
chrIV	471703	471903	protein_coding+	8.115
chrIV	473007	473207	protein_coding+	6.665
chrIV	473896	474096	protein_coding+	0
chrIV	477647	477847	protein_coding+	0
chrIV	478049	478249	protein_coding-	0
chrIV	478608	478808	protein_coding-	5.075
chrIV	482117	482317	protein_coding-	0.315
chrIV	483710	483910	protein_coding-	0
chrIV	485215	485415	protein_coding-	2.36
chrIV	486294	486494	protein_coding-	0
chrIV	486654	486854	protein_coding+	0
chrIV	488512	488712	protein_coding-	0
chrIV	488720	488920	tRNA-	4.285
chrIV	489358	489558	protein_coding+	0
chrIV	490867	491067	protein_coding+	0
chrIV	491365	491565	protein_coding+	2.79
chrIV	494118	494318	protein_coding-	0
chrIV	497168	497368	protein_coding-	0
chrIV	500729	500929	protein_coding-	0
chrIV	500950	501150	protein_coding+	0
chrIV	503123	503323	protein_coding-	0
chrIV	503348	503548	protein_coding+	0
chrIV	504545	504745	protein_coding-	0
chrIV	506283	506483	srna+	0
chrIV	507300	507500	srna-	0
chrIV	507997	508197	protein_coding+	31.53
chrIV	511959	512159	protein_coding-	0
chrIV	519206	519406	transposable_element-	0
chrIV	519593	519793	tRNA+	0
chrIV	519692	519892	trna+	0
chrIV	520542	520742	protein_coding-	0
chrIV	520822	521022	tRNA+	0.125
chrIV	520921	521121	trna+	0
chrIV	521164	521364	protein_coding+	0
chrIV	521666	521866	protein_coding+	0.195
chrIV	524563	524763	protein_coding-	0
chrIV	525290	525490	protein_coding+	5.605
chrIV	530547	530747	protein_coding-	0
chrIV	534432	534632	protein_coding-	0
chrIV	538317	538517	protein_coding-	0
chrIV	539653	539853	protein_coding+	0
chrIV	541053	541253	protein_coding-	0
chrIV	541550	541750	snoRNA-	109.575
chrIV	543219	543419	protein_coding-	1.92
chrIV	546492	546692	protein_coding+	0
chrIV	548160	548360	protein_coding-	0
chrIV	550426	550626	protein_coding-	0.53
chrIV	551710	551910	protein_coding+	0
chrIV	553104	553304	protein_coding+	0
chrIV	553248	553448	protein_coding-	0
chrIV	556322	556522	protein_coding-	100.59
chrIV	557910	558110	protein_coding-	0
chrIV	560099	560299	protein_coding+	0
chrIV	560475	560675	protein_coding-	0
chrIV	562177	562377	protein_coding-	0
chrIV	563377	563577	protein_coding+	0
chrIV	565490	565690	protein_coding-	0
chrIV	565777	565977	protein_coding+	0
chrIV	568553	568753	protein_coding-	0
chrIV	568773	568973	tRNA+	0
chrIV	568913	569113	trna+	0
chrIV	569620	569820	protein_coding-	0
chrIV	570499	570699	protein_coding+	0
chrIV	574014	574214	protein_coding+	0
chrIV	576324	576524	protein_coding+	0
chrIV	578513	578713	protein_coding+	0
chrIV	579308	579508	protein_coding+	4.18
chrIV	580537	580737	protein_coding+	40.27
chrIV	582348	582548	protein_coding-	0
chrIV	583315	583515	protein_coding-	0
chrIV	583563	583763	protein_coding+	0
chrIV	587569	587769	protein_coding-	0
chrIV	588229	588429	protein_coding-	0
chrIV	589252	589452	protein_coding-	0
chrIV	591194	591394	protein_coding-	2.995
chrIV	592289	592489	protein_coding+	0.38
chrIV	593743	593943	protein_coding+	0
chrIV	597006	597206	protein_coding+	0
chrIV	598318	598518	protein_coding+	0
chrIV	600643	600843	protein_coding+	22.21
chrIV	602719	602919	protein_coding-	0
chrIV	602914	603114	protein_coding+	0
chrIV	603661	603861	protein_coding-	0
chrIV	603858	604058	protein_coding+	0
chrIV	609931	610131	protein_coding-	0
chrIV	610291	610491	protein_coding+	0
chrIV	611923	612123	protein_coding+	0
chrIV	613854	614054	protein_coding-	0
chrIV	616000	616200	protein_coding-	0
chrIV	617020	617220	protein_coding-	5.845
chrIV	618156	618356	protein_coding-	0
chrIV	619495	619695	protein_coding-	0
chrIV	619891	620091	tRNA-	0
chrIV	621962	622162	protein_coding+	0
chrIV	625848	626048	protein_coding-	0
chrIV	628384	628584	protein_coding-	1.31
chrIV	629726	629926	protein_coding+	0
chrIV	631132	631332	protein_coding+	0
chrIV	635690	635890	protein_coding+	0
chrIV	636377	636577	protein_coding-	0
chrIV	636989	637189	protein_coding+	0
chrIV	643687	643887	protein_coding-	0
chrIV	644780	644980	protein_coding-	0.05
chrIV	645074	645274	tRNA-	0
chrIV	650976	651176	transposable_element-	0
chrIV	653457	653657	protein_coding+	1.37
chrIV	654863	655063	protein_coding+	0.795
chrIV	657317	657517	protein_coding-	0.035
chrIV	657830	658030	protein_coding-	0
chrIV	658200	658400	protein_coding+	0
chrIV	664760	664960	protein_coding-	0
chrIV	666620	666820	protein_coding-	0
chrIV	666854	667054	protein_coding+	0
chrIV	667930	668130	tRNA-	0
chrIV	670884	671084	protein_coding-	0
chrIV	671119	671319	protein_coding+	0
chrIV	675517	675717	protein_coding-	0
chrIV	675952	676152	protein_coding+	0
chrIV	679394	679594	protein_coding+	0
chrIV	679614	679814	protein_coding-	0
chrIV	681467	681667	protein_coding-	0
chrIV	682025	682225	protein_coding+	0.61
chrIV	682076	682276	protein_coding-	1.965
chrIV	683431	683631	protein_coding-	0
chrIV	685493	685693	protein_coding-	0
chrIV	685732	685932	protein_coding+	0
chrIV	687618	687818	protein_coding+	0.165
chrIV	688077	688277	protein_coding+	0
chrIV	690864	691064	protein_coding+	0
chrIV	693111	693311	protein_coding-	0
chrIV	693435	693635	protein_coding+	0
chrIV	694550	694750	protein_coding+	0
chrIV	699318	699518	protein_coding-	0
chrIV	700165	700365	protein_coding+	0.39
chrIV	702608	702808	protein_coding-	0
chrIV	703084	703284	protein_coding+	0
chrIV	704334	704534	protein_coding+	1.64
chrIV	709399	709599	protein_coding+	0.4
chrIV	715229	715429	protein_coding-	0.415
chrIV	716472	716672	protein_coding-	0
chrIV	718310	718510	protein_coding-	0
chrIV	720153	720353	protein_coding-	0
chrIV	721147	721347	protein_coding-	115.95
chrIV	727401	727601	protein_coding-	0.01
chrIV	728109	728309	protein_coding+	0
chrIV	728133	728333	protein_coding-	0
chrIV	730428	730628	protein_coding+	0
chrIV	733774	733974	protein_coding-	0
chrIV	733988	734188	protein_coding+	0
chrIV	739847	740047	protein_coding-	0
chrIV	741450	741650	protein_coding-	0
chrIV	743724	743924	protein_coding-	3.02
chrIV	745951	746151	protein_coding-	0
chrIV	746588	746788	protein_coding+	0.015
chrIV	750592	750792	protein_coding-	0.125
chrIV	751481	751681	protein_coding+	0
chrIV	754916	755116	protein_coding-	0
chrIV	755478	755678	protein_coding+	0
chrIV	756112	756312	protein_coding-	0
chrIV	765005	765205	protein_coding-	7.865
chrIV	765556	765756	protein_coding+	0
chrIV	767821	768021	protein_coding-	0
chrIV	768603	768803	protein_coding-	71.09
chrIV	768850	769050	protein_coding-	54.69
chrIV	769375	769575	protein_coding+	0.07
chrIV	769781	769981	protein_coding+	6.825
chrIV	770207	770407	protein_coding+	1.58
chrIV	771727	771927	protein_coding+	0
chrIV	776013	776213	protein_coding+	0
chrIV	778893	779093	protein_coding+	0
chrIV	780950	781150	protein_coding-	0
chrIV	781273	781473	protein_coding+	0
chrIV	784065	784265	protein_coding-	0
chrIV	784721	784921	protein_coding+	0
chrIV	789071	789271	protein_coding-	0
chrIV	789299	789499	protein_coding+	0
chrIV	790178	790378	protein_coding+	0
chrIV	793739	793939	protein_coding-	0
chrIV	794573	794773	protein_coding-	0.44
chrIV	802072	802272	protein_coding-	0
chrIV	802652	802852	tRNA-	0
chrIV	803045	803245	transposable_element+	0
chrIV	806471	806671	protein_coding+	0
chrIV	808174	808374	protein_coding+	0.62
chrIV	811482	811682	protein_coding-	0
chrIV	811960	812160	protein_coding+	0.09
chrIV	814002	814202	protein_coding-	0
chrIV	814302	814502	protein_coding+	0
chrIV	816728	816928	protein_coding+	1.525
chrIV	817800	818000	protein_coding+	0.36
chrIV	819046	819246	protein_coding-	0
chrIV	819283	819483	protein_coding+	0
chrIV	821145	821345	protein_coding+	0
chrIV	827205	827405	protein_coding-	0
chrIV	827432	827632	protein_coding+	0
chrIV	829001	829201	protein_coding+	0.075
chrIV	829435	829635	protein_coding+	0
chrIV	830504	830704	protein_coding-	0
chrIV	831363	831563	protein_coding-	0
chrIV	832323	832523	protein_coding-	0.985
chrIV	835342	835542	protein_coding-	0.22
chrIV	836271	836471	protein_coding+	3.515
chrIV	836596	836796	protein_coding-	3.14
chrIV	838242	838442	protein_coding+	0.57
chrIV	841845	842045	protein_coding-	1.455
chrIV	842187	842387	protein_coding+	0
chrIV	844404	844604	protein_coding+	0
chrIV	844711	844911	protein_coding-	0
chrIV	847796	847996	protein_coding-	1.21
chrIV	847921	848121	protein_coding+	0.075
chrIV	848449	848649	protein_coding+	6.105
chrIV	850849	851049	protein_coding-	0
chrIV	851078	851278	protein_coding+	0
chrIV	853822	854022	protein_coding-	0
chrIV	854025	854225	protein_coding+	0
chrIV	855943	856143	protein_coding-	0
chrIV	856167	856367	protein_coding+	0
chrIV	857532	857732	protein_coding+	0
chrIV	857803	858003	protein_coding-	0
chrIV	857987	858187	protein_coding+	0
chrIV	859196	859396	protein_coding+	0.215
chrIV	861904	862104	protein_coding+	0
chrIV	867372	867572	protein_coding-	0
chrIV	868074	868274	protein_coding+	1.495
chrIV	870924	871124	protein_coding+	0.2
chrIV	871299	871499	protein_coding-	0.755
chrIV	871962	872162	transposable_element+	0
chrIV	883777	883977	transposable_element-	0
chrIV	884211	884411	tRNA+	0
chrIV	884310	884510	trna+	0
chrIV	884577	884777	protein_coding+	0
chrIV	887082	887282	protein_coding+	0.47
chrIV	889601	889801	protein_coding+	0
chrIV	892725	892925	protein_coding+	3.86
chrIV	894352	894552	protein_coding-	0
chrIV	894885	895085	protein_coding+	0
chrIV	903330	903530	protein_coding-	0
chrIV	904902	905102	protein_coding-	0
chrIV	906702	906902	protein_coding-	0
chrIV	907143	907343	protein_coding-	0
chrIV	907180	907380	protein_coding+	0
chrIV	909904	910104	protein_coding+	0
chrIV	911949	912149	protein_coding+	0
chrIV	914562	914762	protein_coding-	90.795
chrIV	915380	915580	protein_coding+	63.975
chrIV	916336	916536	protein_coding+	0.59
chrIV	917421	917621	protein_coding+	0
chrIV	923656	923856	protein_coding-	0
chrIV	924635	924835	protein_coding+	0
chrIV	926073	926273	protein_coding+	0
chrIV	926760	926960	protein_coding-	0
chrIV	927302	927502	protein_coding+	0
chrIV	930207	930407	protein_coding-	19.255
chrIV	930979	931179	protein_coding+	1.565
chrIV	933354	933554	protein_coding+	0
chrIV	935742	935942	protein_coding-	0
chrIV	936465	936665	protein_coding+	0
chrIV	940666	940866	protein_coding-	3.48
chrIV	943270	943470	protein_coding-	0
chrIV	945001	945201	protein_coding+	0
chrIV	945002	945202	protein_coding-	0
chrIV	946162	946362	tRNA+	0
chrIV	946261	946461	trna+	0
chrIV	946657	946857	protein_coding+	0
chrIV	950134	950334	protein_coding-	0
chrIV	950413	950613	protein_coding+	0
chrIV	952650	952850	protein_coding+	0
chrIV	954138	954338	protein_coding+	0.25
chrIV	954983	955183	protein_coding+	0
chrIV	955863	956063	protein_coding+	0
chrIV	958189	958389	protein_coding-	0
chrIV	959652	959852	protein_coding-	0
chrIV	960211	960411	protein_coding-	0
chrIV	960464	960664	protein_coding+	0
chrIV	963262	963462	protein_coding+	0
chrIV	964415	964615	protein_coding-	0
chrIV	964963	965163	protein_coding+	0
chrIV	967672	967872	protein_coding-	0
chrIV	969530	969730	protein_coding-	0.4
chrIV	971324	971524	protein_coding-	0
chrIV	974093	974293	protein_coding-	0
chrIV	975632	975832	protein_coding-	0
chrIV	977079	977279	protein_coding-	0.595
chrIV	979059	979259	protein_coding-	0.025
chrIV	980905	981105	tRNA-	0
chrIV	981312	981512	transposable_element+	0
chrIV	992199	992399	transposable_element-	0
chrIV	992682	992882	tRNA+	12.87
chrIV	992781	992981	trna+	2.885
chrIV	992984	993184	protein_coding+	0
chrIV	995384	995584	protein_coding-	0
chrIV	998173	998373	protein_coding-	1.22
chrIV	998714	998914	protein_coding+	0
chrIV	1001873	1002073	protein_coding-	0
chrIV	1003352	1003552	protein_coding-	0
chrIV	1003854	1004054	protein_coding+	0
chrIV	1005525	1005725	protein_coding+	0
chrIV	1005838	1006038	protein_coding-	0
chrIV	1008616	1008816	protein_coding-	0
chrIV	1008860	1009060	protein_coding+	0
chrIV	1010026	1010226	protein_coding+	0
chrIV	1011810	1012010	protein_coding-	0
chrIV	1012102	1012302	protein_coding+	0
chrIV	1013493	1013693	protein_coding-	17.205
chrIV	1015552	1015752	protein_coding-	0
chrIV	1017128	1017328	trna-	0
chrIV	1017148	1017348	tRNA-	0
chrIV	1019218	1019418	protein_coding+	0
chrIV	1020597	1020797	protein_coding+	0
chrIV	1022171	1022371	protein_coding-	0
chrIV	1024605	1024805	protein_coding-	0
chrIV	1029899	1030099	protein_coding-	0
chrIV	1031269	1031469	protein_coding-	0
chrIV	1032286	1032486	protein_coding+	0
chrIV	1035425	1035625	protein_coding-	0
chrIV	1035845	1036045	protein_coding+	0
chrIV	1037045	1037245	protein_coding+	0
chrIV	1039220	1039420	protein_coding+	0
chrIV	1039359	1039559	protein_coding-	0
chrIV	1039578	1039778	protein_coding+	0
chrIV	1044861	1045061	protein_coding-	0
chrIV	1049242	1049442	protein_coding-	3.95
chrIV	1052078	1052278	protein_coding-	0
chrIV	1054497	1054697	protein_coding-	0
chrIV	1055062	1055262	protein_coding+	0
chrIV	1056401	1056601	protein_coding+	0
chrIV	1058664	1058864	protein_coding-	1.45
chrIV	1059477	1059677	protein_coding+	0
chrIV	1062641	1062841	protein_coding-	0
chrIV	1063202	1063402	protein_coding+	0
chrIV	1067581	1067781	protein_coding+	0
chrIV	1071236	1071436	protein_coding-	0.165
chrIV	1072407	1072607	protein_coding-	0.495
chrIV	1073338	1073538	protein_coding-	0
chrIV	1075021	1075221	protein_coding-	0
chrIV	1075394	1075594	tRNA-	0
chrIV	1075715	1075915	protein_coding+	0
chrIV	1078299	1078499	protein_coding-	0.075
chrIV	1080049	1080249	protein_coding-	4.945
chrIV	1084166	1084366	protein_coding-	0
chrIV	1084915	1085115	protein_coding+	0
chrIV	1087431	1087631	protein_coding+	0
chrIV	1089929	1090129	protein_coding-	0
chrIV	1092361	1092561	protein_coding-	0
chrIV	1093436	1093636	protein_coding-	0
chrIV	1093613	1093813	protein_coding+	0
chrIV	1095311	1095511	tRNA-	0
chrIV	1095914	1096114	transposable_element+	0
chrIV	1102034	1102234	protein_coding+	0
chrIV	1103608	1103808	protein_coding+	0
chrIV	1105677	1105877	protein_coding-	0
chrIV	1107951	1108151	protein_coding-	2.845
chrIV	1108334	1108534	protein_coding+	0.165
chrIV	1108348	1108548	protein_coding-	0.165
chrIV	1108552	1108752	protein_coding+	0
chrIV	1110439	1110639	protein_coding+	0
chrIV	1112143	1112343	protein_coding-	0.285
chrIV	1113877	1114077	protein_coding-	0
chrIV	1116613	1116813	protein_coding-	0
chrIV	1116976	1117176	protein_coding+	0
chrIV	1124775	1124975	protein_coding-	0
chrIV	1125152	1125352	protein_coding+	0.295
chrIV	1125868	1126068	protein_coding-	0.89
chrIV	1127445	1127645	protein_coding-	0
chrIV	1127722	1127922	protein_coding+	0
chrIV	1129438	1129638	protein_coding+	0
chrIV	1130851	1131051	protein_coding+	0
chrIV	1135281	1135481	protein_coding-	0
chrIV	1135782	1135982	protein_coding+	0
chrIV	1141018	1141218	protein_coding+	0
chrIV	1144942	1145142	protein_coding+	0
chrIV	1146169	1146369	protein_coding+	0.355
chrIV	1149316	1149516	protein_coding-	0
chrIV	1150370	1150570	protein_coding-	0
chrIV	1150731	1150931	protein_coding+	0
chrIV	1150791	1150991	tRNA-	0
chrIV	1153476	1153676	protein_coding-	0.2
chrIV	1155778	1155978	protein_coding-	0
chrIV	1161170	1161370	protein_coding-	0
chrIV	1162299	1162499	protein_coding-	0
chrIV	1164510	1164710	protein_coding-	19.805
chrIV	1168509	1168709	protein_coding-	0.835
chrIV	1169028	1169228	protein_coding+	0
chrIV	1171675	1171875	protein_coding-	0
chrIV	1174026	1174226	protein_coding-	0
chrIV	1175679	1175879	tRNA+	0
chrIV	1175778	1175978	trna+	0
chrIV	1178024	1178224	protein_coding-	0
chrIV	1178516	1178716	protein_coding+	0
chrIV	1181651	1181851	protein_coding+	0
chrIV	1183149	1183349	protein_coding+	16.85
chrIV	1184597	1184797	protein_coding+	0
chrIV	1185132	1185332	protein_coding-	0.06
chrIV	1185957	1186157	protein_coding+	1.425
chrIV	1186219	1186419	protein_coding-	0
chrIV	1189417	1189617	protein_coding-	0.44
chrIV	1189909	1190109	protein_coding+	0
chrIV	1194448	1194648	protein_coding+	0
chrIV	1194734	1194934	protein_coding-	1.03
chrIV	1196113	1196313	protein_coding-	0
chrIV	1198547	1198747	protein_coding-	0
chrIV	1199033	1199233	protein_coding+	0
chrIV	1201600	1201800	tRNA+	0
chrIV	1201699	1201899	trna+	0
chrIV	1201978	1202178	protein_coding+	0.08
chrIV	1204060	1204260	protein_coding-	0
chrIV	1206233	1206433	protein_coding-	0
chrIV	1206847	1207047	transposable_element+	0
chrIV	1212686	1212886	protein_coding-	0
chrIV	1212698	1212898	protein_coding+	0
chrIV	1213754	1213954	protein_coding+	0
chrIV	1217430	1217630	protein_coding-	0
chrIV	1218960	1219160	protein_coding-	0
chrIV	1219263	1219463	protein_coding+	0
chrIV	1219463	1219663	protein_coding-	0
chrIV	1221999	1222199	protein_coding-	0
chrIV	1222609	1222809	protein_coding+	0
chrIV	1224244	1224444	protein_coding-	0
chrIV	1224607	1224807	protein_coding+	0
chrIV	1226386	1226586	protein_coding-	0
chrIV	1226672	1226872	protein_coding+	0
chrIV	1228461	1228661	protein_coding+	0.535
chrIV	1229459	1229659	protein_coding-	1.065
chrIV	1230017	1230217	protein_coding+	0
chrIV	1233367	1233567	protein_coding-	0
chrIV	1234068	1234268	protein_coding+	0
chrIV	1236408	1236608	protein_coding+	26.69
chrIV	1238700	1238900	protein_coding-	0
chrIV	1239342	1239542	protein_coding+	9.04
chrIV	1240526	1240726	protein_coding-	0
chrIV	1241881	1242081	protein_coding-	0
chrIV	1243080	1243280	protein_coding+	27.57
chrIV	1245934	1246134	protein_coding+	24.99
chrIV	1249671	1249871	protein_coding-	0
chrIV	1250036	1250236	protein_coding+	0.04
chrIV	1252387	1252587	protein_coding+	0
chrIV	1256697	1256897	protein_coding-	0
chrIV	1256929	1257129	tRNA-	0
chrIV	1257906	1258106	protein_coding-	0
chrIV	1258546	1258746	protein_coding+	0
chrIV	1259751	1259951	protein_coding+	0
chrIV	1261531	1261731	protein_coding+	0
chrIV	1263174	1263374	protein_coding+	0
chrIV	1266145	1266345	protein_coding+	0
chrIV	1266748	1266948	protein_coding-	0
chrIV	1267321	1267521	protein_coding+	0.08
chrIV	1269918	1270118	protein_coding+	18.87
chrIV	1270913	1271113	protein_coding+	7.565
chrIV	1272073	1272273	protein_coding+	0
chrIV	1273553	1273753	protein_coding-	0
chrIV	1274452	1274652	protein_coding+	0
chrIV	1277019	1277219	protein_coding-	0.435
chrIV	1277496	1277696	protein_coding+	0.01
chrIV	1279060	1279260	protein_coding+	0
chrIV	1283649	1283849	protein_coding+	0
chrIV	1287788	1287988	protein_coding-	1.405
chrIV	1288709	1288909	protein_coding-	3.855
chrIV	1289256	1289456	protein_coding+	0
chrIV	1292941	1293141	protein_coding-	2.05
chrIV	1294244	1294444	protein_coding-	0
chrIV	1294543	1294743	protein_coding+	0
chrIV	1295261	1295461	protein_coding-	0.235
chrIV	1296536	1296736	protein_coding-	0
chrIV	1298011	1298211	protein_coding-	0
chrIV	1298282	1298482	protein_coding+	0
chrIV	1301466	1301666	protein_coding+	17.135
chrIV	1301776	1301976	protein_coding-	32.295
chrIV	1303024	1303224	protein_coding+	0
chrIV	1305480	1305680	tRNA+	0
chrIV	1305579	1305779	trna+	0
chrIV	1306117	1306317	protein_coding+	0
chrIV	1311890	1312090	protein_coding+	0
chrIV	1317623	1317823	protein_coding-	0.45
chrIV	1319125	1319325	protein_coding-	1.5
chrIV	1319691	1319891	protein_coding-	0.495
chrIV	1319914	1320114	protein_coding+	0
chrIV	1321856	1322056	protein_coding-	0
chrIV	1322055	1322255	protein_coding+	0
chrIV	1324089	1324289	protein_coding-	1.085
chrIV	1325151	1325351	protein_coding-	0.675
chrIV	1328240	1328440	protein_coding+	0
chrIV	1328320	1328520	protein_coding-	0
chrIV	1328633	1328833	protein_coding+	11.975
chrIV	1329450	1329650	protein_coding+	9.17
chrIV	1331087	1331287	protein_coding+	0
chrIV	1333819	1334019	protein_coding-	0
chrIV	1334671	1334871	protein_coding+	0
chrIV	1337202	1337402	protein_coding+	0
chrIV	1338124	1338324	protein_coding+	0
chrIV	1339526	1339726	protein_coding+	0
chrIV	1342343	1342543	protein_coding+	0
chrIV	1344912	1345112	protein_coding-	1.97
chrIV	1345497	1345697	protein_coding+	0
chrIV	1349788	1349988	protein_coding-	0
chrIV	1350140	1350340	protein_coding+	0
chrIV	1352388	1352588	trna-	2.885
chrIV	1352413	1352613	tRNA-	0.64
chrIV	1353575	1353775	protein_coding+	0
chrIV	1355403	1355603	protein_coding-	18.69
chrIV	1355915	1356115	protein_coding+	0
chrIV	1358752	1358952	protein_coding-	0
chrIV	1359773	1359973	protein_coding+	1.385
chrIV	1362031	1362231	protein_coding-	4.79
chrIV	1362728	1362928	protein_coding+	0
chrIV	1365512	1365712	protein_coding-	0
chrIV	1366677	1366877	protein_coding-	0
chrIV	1367335	1367535	protein_coding+	0
chrIV	1367531	1367731	protein_coding-	0.7
chrIV	1369640	1369840	protein_coding+	0
chrIV	1381896	1382096	protein_coding-	0.495
chrIV	1383293	1383493	protein_coding-	0
chrIV	1383661	1383861	protein_coding+	0
chrIV	1385026	1385226	protein_coding+	0
chrIV	1385616	1385816	protein_coding-	0
chrIV	1385923	1386123	protein_coding+	0.315
chrIV	1386666	1386866	protein_coding+	4.06
chrIV	1388722	1388922	protein_coding+	0
chrIV	1392530	1392730	protein_coding-	0
chrIV	1394424	1394624	protein_coding-	0
chrIV	1394971	1395171	protein_coding+	0
chrIV	1397759	1397959	protein_coding-	0
chrIV	1398550	1398750	protein_coding-	0
chrIV	1398865	1399065	protein_coding+	0
chrIV	1401064	1401264	protein_coding-	0
chrIV	1401620	1401820	protein_coding+	11.095
chrIV	1402769	1402969	snoRNA+	74.465
chrIV	1402868	1403068	snorna+	85.62
chrIV	1403172	1403372	protein_coding+	45.195
chrIV	1405704	1405904	protein_coding-	0
chrIV	1409944	1410144	protein_coding-	0
chrIV	1410977	1411177	protein_coding-	4.585
chrIV	1412223	1412423	protein_coding+	0
chrIV	1414425	1414625	protein_coding+	0
chrIV	1416724	1416924	protein_coding-	0
chrIV	1417249	1417449	protein_coding+	0
chrIV	1420100	1420300	protein_coding-	8.19
chrIV	1420688	1420888	protein_coding-	0
chrIV	1421007	1421207	protein_coding+	0.065
chrIV	1422613	1422813	protein_coding+	0
chrIV	1427057	1427257	protein_coding-	0
chrIV	1427970	1428170	protein_coding-	0.25
chrIV	1428830	1429030	protein_coding-	1.825
chrIV	1430639	1430839	protein_coding-	0
chrIV	1430862	1431062	protein_coding+	0
chrIV	1434118	1434318	protein_coding-	0.085
chrIV	1434774	1434974	protein_coding+	0
chrIV	1434841	1435041	protein_coding-	0
chrIV	1436067	1436267	protein_coding+	0
chrIV	1436780	1436980	protein_coding+	0
chrIV	1441000	1441200	protein_coding-	0
chrIV	1443253	1443453	protein_coding-	0
chrIV	1445317	1445517	protein_coding-	12.855
chrIV	1446844	1447044	protein_coding-	0
chrIV	1447680	1447880	protein_coding+	0
chrIV	1450703	1450903	protein_coding-	0.945
chrIV	1451203	1451403	protein_coding+	0
chrIV	1454314	1454514	protein_coding-	11.055
chrIV	1455716	1455916	protein_coding-	0
chrIV	1456544	1456744	protein_coding-	0
chrIV	1459070	1459270	protein_coding-	0
chrIV	1461404	1461604	protein_coding-	0
chrIV	1461679	1461879	tRNA-	0
chrIV	1465636	1465836	protein_coding-	0
chrIV	1468076	1468276	protein_coding+	25.39
chrIV	1468294	1468494	protein_coding-	23.495
chrIV	1469250	1469450	protein_coding+	3.33
chrIV	1469661	1469861	protein_coding-	0.5
chrIV	1469867	1470067	protein_coding+	4.595
chrIV	1470867	1471067	protein_coding+	0
chrIV	1470913	1471113	protein_coding-	0
chrIV	1472849	1473049	protein_coding-	0
chrIV	1473279	1473479	protein_coding+	0
chrIV	1476326	1476526	protein_coding-	0
chrIV	1477089	1477289	protein_coding+	0
chrIV	1478458	1478658	protein_coding+	0
chrIV	1480275	1480475	protein_coding+	0
chrIV	1482991	1483191	protein_coding+	0
chrIV	1483253	1483453	protein_coding-	0
chrIV	1485153	1485353	protein_coding-	0
chrIV	1486888	1487088	protein_coding-	0
chrIV	1488840	1489040	protein_coding-	0
chrIV	1489253	1489453	protein_coding+	193.075
chrIV	1489648	1489848	protein_coding-	260.455
chrIV	1489755	1489955	protein_coding+	175.235
chrIV	1489840	1490040	protein_coding-	123.315
chrIV	1490446	1490646	protein_coding+	0
chrIV	1490944	1491144	protein_coding+	0
chrIV	1491395	1491595	protein_coding-	0
chrIV	1492876	1493076	snoRNA-	0
chrIV	1494436	1494636	protein_coding+	0
chrIV	1496398	1496598	protein_coding-	9.32
chrIV	1497618	1497818	protein_coding-	0
chrIV	1498082	1498282	protein_coding+	0
chrIV	1500403	1500603	protein_coding-	0
chrIV	1502010	1502210	protein_coding-	0
chrIV	1504750	1504950	protein_coding-	0
chrIV	1507212	1507412	protein_coding-	0
chrIV	1507855	1508055	protein_coding+	0
chrIV	1510752	1510952	protein_coding+	0
chrIV	1511311	1511511	protein_coding-	0
chrIV	1511944	1512144	protein_coding+	0
chrIV	1517525	1517725	protein_coding-	0
chrIV	1520548	1520748	protein_coding-	0
chrIV	1523099	1523299	protein_coding+	0
chrIV	1524783	1524983	protein_coding-	0
chrIV	1525373	1525573	protein_coding-	0
chrIV	1526171	1526371	protein_coding+	0
chrIV	1531192	1531392	protein_coding-	0
chrIX	696	896	protein_coding+	0
chrIX	5997	6197	protein_coding-	0
chrIX	9005	9205	protein_coding-	0
chrIX	9033	9233	pseudogene+	0
chrIX	9319	9519	pseudogene+	0
chrIX	11342	11542	protein_coding+	0
chrIX	18110	18310	protein_coding+	0
chrIX	18403	18603	protein_coding-	0
chrIX	19365	19565	pseudogene+	0
chrIX	19697	19897	pseudogene+	0
chrIX	25956	26156	protein_coding-	6.135
chrIX	32416	32616	protein_coding-	0
chrIX	33927	34127	protein_coding-	0
chrIX	34536	34736	protein_coding-	0.045
chrIX	37102	37302	protein_coding-	0
chrIX	37235	37435	protein_coding+	0
chrIX	39283	39483	protein_coding+	0
chrIX	41294	41494	protein_coding-	0
chrIX	41675	41875	protein_coding+	0
chrIX	46051	46251	protein_coding+	0.675
chrIX	47142	47342	protein_coding+	0
chrIX	47392	47592	protein_coding-	0.075
chrIX	47540	47740	protein_coding+	0
chrIX	47941	48141	protein_coding+	2.205
chrIX	53558	53758	protein_coding-	2.205
chrIX	54871	55071	protein_coding-	0.635
chrIX	55048	55248	protein_coding+	0
chrIX	56395	56595	protein_coding+	0
chrIX	60544	60744	protein_coding-	0.875
chrIX	62578	62778	protein_coding-	0
chrIX	67917	68117	protein_coding-	0
chrIX	68558	68758	protein_coding+	5.225
chrIX	73303	73503	protein_coding-	0
chrIX	75623	75823	protein_coding-	0
chrIX	77133	77333	protein_coding-	0.245
chrIX	77924	78124	protein_coding+	0
chrIX	82891	83091	protein_coding-	0.38
chrIX	83152	83352	protein_coding+	1.645
chrIX	83390	83590	protein_coding-	2.32
chrIX	84903	85103	protein_coding+	1.1
chrIX	85216	85416	protein_coding+	0
chrIX	88566	88766	protein_coding-	0
chrIX	89565	89765	protein_coding-	0
chrIX	92638	92838	protein_coding-	0
chrIX	93469	93669	protein_coding+	0
chrIX	96225	96425	protein_coding-	0
chrIX	96575	96775	protein_coding-	1.41
chrIX	96961	97161	snoRNA+	35.955
chrIX	97060	97260	snorna+	15.945
chrIX	97245	97445	protein_coding+	29.265
chrIX	99266	99466	protein_coding-	17.245
chrIX	100351	100551	protein_coding-	0
chrIX	102085	102285	protein_coding-	0
chrIX	102632	102832	protein_coding+	0
chrIX	113087	113287	protein_coding-	0
chrIX	113656	113856	protein_coding+	0
chrIX	117494	117694	protein_coding-	0
chrIX	117842	118042	protein_coding+	0.235
chrIX	122539	122739	protein_coding+	0
chrIX	126054	126254	protein_coding+	0
chrIX	128001	128201	protein_coding+	2.9
chrIX	130460	130660	protein_coding+	0
chrIX	132094	132294	protein_coding+	0
chrIX	134267	134467	protein_coding+	0
chrIX	137727	137927	protein_coding-	1.125
chrIX	139602	139802	protein_coding+	0
chrIX	141419	141619	protein_coding-	0
chrIX	142778	142978	protein_coding+	1.56
chrIX	144118	144318	protein_coding+	0
chrIX	148559	148759	protein_coding-	0
chrIX	149838	150038	protein_coding-	0
chrIX	150409	150609	protein_coding+	0
chrIX	151445	151645	protein_coding+	0
chrIX	155161	155361	protein_coding+	0.45
chrIX	155895	156095	protein_coding+	0
chrIX	160015	160215	protein_coding-	4.435
chrIX	160737	160937	protein_coding+	0.185
chrIX	165611	165811	protein_coding-	0
chrIX	166265	166465	protein_coding+	0
chrIX	167514	167714	protein_coding+	2.46
chrIX	169491	169691	protein_coding-	0.45
chrIX	171355	171555	protein_coding-	0
chrIX	171601	171801	protein_coding+	0
chrIX	173442	173642	protein_coding-	0
chrIX	174737	174937	protein_coding-	2.335
chrIX	174881	175081	tRNA+	12.415
chrIX	174980	175180	trna+	9.275
chrIX	177100	177300	protein_coding-	0
chrIX	177223	177423	protein_coding+	0
chrIX	177531	177731	protein_coding-	0
chrIX	177854	178054	protein_coding+	0
chrIX	180089	180289	protein_coding-	0
chrIX	180277	180477	protein_coding+	0
chrIX	182977	183177	protein_coding-	0
chrIX	183363	183563	tRNA-	0
chrIX	183787	183987	protein_coding+	0
chrIX	187482	187682	protein_coding-	3.65
chrIX	188634	188834	protein_coding-	0
chrIX	188916	189116	protein_coding+	0
chrIX	193045	193245	protein_coding-	1.19
chrIX	193445	193645	protein_coding+	0.035
chrIX	195449	195649	protein_coding+	0
chrIX	197442	197642	tRNA+	0
chrIX	197541	197741	trna+	0
chrIX	199253	199453	protein_coding-	0
chrIX	199969	200169	protein_coding-	0
chrIX	200311	200511	protein_coding-	0.275
chrIX	201893	202093	protein_coding-	0
chrIX	203109	203309	protein_coding-	0
chrIX	204503	204703	protein_coding-	0
chrIX	205485	205685	protein_coding+	0
chrIX	210515	210715	tRNA+	3.78
chrIX	210614	210814	trna+	8.695
chrIX	211855	212055	protein_coding-	0
chrIX	212349	212549	protein_coding+	0.035
chrIX	215803	216003	protein_coding-	0
chrIX	216508	216708	protein_coding+	0
chrIX	220550	220750	protein_coding-	1.46
chrIX	222340	222540	protein_coding-	0
chrIX	225804	226004	protein_coding-	0
chrIX	226452	226652	protein_coding+	0
chrIX	228400	228600	protein_coding+	0
chrIX	229844	230044	protein_coding-	0
chrIX	230922	231122	protein_coding-	0.47
chrIX	232219	232419	protein_coding-	21.785
chrIX	232863	233063	protein_coding+	0
chrIX	235324	235524	protein_coding-	0
chrIX	237216	237416	protein_coding+	0
chrIX	237610	237810	protein_coding-	0
chrIX	240558	240758	protein_coding-	0
chrIX	241625	241825	protein_coding-	0
chrIX	241793	241993	protein_coding+	0
chrIX	243594	243794	protein_coding-	2.52
chrIX	244312	244512	protein_coding-	15.915
chrIX	245409	245609	protein_coding-	0
chrIX	246242	246442	protein_coding+	0
chrIX	246764	246964	protein_coding+	0
chrIX	246765	246965	protein_coding-	0
chrIX	248246	248446	protein_coding-	0
chrIX	248700	248900	tRNA+	1.24
chrIX	248799	248999	trna+	1.935
chrIX	249841	250041	protein_coding+	0.725
chrIX	253775	253975	protein_coding-	0
chrIX	254393	254593	protein_coding+	0
chrIX	254965	255165	protein_coding+	15.565
chrIX	256913	257113	protein_coding-	0
chrIX	258130	258330	protein_coding-	7.895
chrIX	258763	258963	protein_coding+	0
chrIX	260008	260208	protein_coding+	0
chrIX	261287	261487	protein_coding+	0
chrIX	265317	265517	protein_coding-	0
chrIX	267673	267873	protein_coding-	1.765
chrIX	268159	268359	protein_coding+	0
chrIX	268501	268701	protein_coding+	0
chrIX	271011	271211	protein_coding+	0
chrIX	273696	273896	protein_coding-	0.075
chrIX	274776	274976	protein_coding-	1.74
chrIX	276142	276342	protein_coding-	0
chrIX	276375	276575	protein_coding+	0
chrIX	277573	277773	protein_coding+	1.515
chrIX	278276	278476	protein_coding+	0
chrIX	282502	282702	protein_coding-	0
chrIX	284849	285049	protein_coding-	0
chrIX	285516	285716	protein_coding+	0
chrIX	288758	288958	protein_coding-	0.785
chrIX	289939	290139	protein_coding-	2.525
chrIX	291519	291719	protein_coding-	0
chrIX	292167	292367	protein_coding-	0
chrIX	292483	292683	protein_coding+	0
chrIX	295415	295615	protein_coding+	0
chrIX	299585	299785	protein_coding+	0
chrIX	299859	300059	protein_coding-	0.33
chrIX	300150	300350	tRNA-	0
chrIX	301107	301307	protein_coding-	0
chrIX	301950	302150	protein_coding+	0
chrIX	303954	304154	protein_coding-	0
chrIX	307779	307979	protein_coding-	0
chrIX	308425	308625	protein_coding-	0
chrIX	309021	309221	protein_coding-	0
chrIX	310276	310476	protein_coding-	0.445
chrIX	311015	311215	protein_coding+	0.945
chrIX	312755	312955	protein_coding+	0.59
chrIX	313318	313518	protein_coding-	0
chrIX	313901	314101	protein_coding-	0
chrIX	314670	314870	protein_coding-	0
chrIX	314943	315143	protein_coding+	0
chrIX	316618	316818	protein_coding+	0
chrIX	320815	321015	protein_coding-	0
chrIX	321304	321504	protein_coding+	0
chrIX	322192	322392	protein_coding+	0
chrIX	324220	324420	trna-	0
chrIX	324224	324424	tRNA-	0
chrIX	325376	325576	protein_coding-	0
chrIX	325598	325798	tRNA+	0
chrIX	325697	325897	trna+	0
chrIX	325953	326153	protein_coding+	0
chrIX	332292	332492	protein_coding-	0
chrIX	332861	333061	protein_coding+	0
chrIX	333577	333777	protein_coding+	0
chrIX	334732	334932	protein_coding+	0
chrIX	336062	336262	protein_coding-	0
chrIX	336266	336466	trna-	0
chrIX	336270	336470	tRNA-	0
chrIX	339194	339394	protein_coding+	0.285
chrIX	342386	342586	protein_coding+	0
chrIX	343506	343706	protein_coding-	0
chrIX	343912	344112	protein_coding+	0
chrIX	345542	345742	protein_coding+	0
chrIX	348355	348555	protein_coding-	0
chrIX	348972	349172	protein_coding+	0
chrIX	350151	350351	protein_coding+	1.51
chrIX	353281	353481	protein_coding-	0
chrIX	353790	353990	protein_coding+	0
chrIX	356745	356945	protein_coding-	0
chrIX	360246	360446	protein_coding-	0
chrIX	360735	360935	protein_coding+	0
chrIX	363071	363271	protein_coding+	0
chrIX	364739	364939	protein_coding+	0
chrIX	369758	369958	protein_coding-	1.02
chrIX	370267	370467	tRNA+	0
chrIX	370366	370566	trna+	0
chrIX	370554	370754	protein_coding+	0
chrIX	374156	374356	protein_coding-	0
chrIX	374375	374575	protein_coding+	0
chrIX	375281	375481	protein_coding+	0.495
chrIX	378096	378296	protein_coding-	0.33
chrIX	378336	378536	protein_coding+	0
chrIX	380234	380434	protein_coding-	0
chrIX	380936	381136	protein_coding+	0
chrIX	381798	381998	protein_coding+	1.27
chrIX	382478	382678	protein_coding+	0.585
chrIX	383416	383616	protein_coding+	1.345
chrIX	383969	384169	protein_coding-	0
chrIX	384459	384659	protein_coding+	0
chrIX	385551	385751	protein_coding-	0
chrIX	393525	393725	protein_coding-	0
chrIX	394407	394607	protein_coding-	0
chrIX	394767	394967	protein_coding+	0
chrIX	395849	396049	ncRNA+	0
chrIX	395948	396148	srna+	0
chrIX	396932	397132	ncRNA-	0
chrIX	397144	397344	protein_coding+	0
chrIX	397799	397999	protein_coding-	0
chrIX	398364	398564	protein_coding+	0.1
chrIX	398583	398783	protein_coding+	0
chrIX	399627	399827	protein_coding+	0
chrIX	402556	402756	protein_coding-	0
chrIX	403341	403541	protein_coding-	0
chrIX	403509	403709	protein_coding+	0
chrIX	405817	406017	protein_coding-	0
chrIX	407492	407692	protein_coding-	0
chrIX	408318	408518	protein_coding+	0
chrIX	410657	410857	protein_coding+	0
chrIX	412620	412820	protein_coding-	0
chrIX	412749	412949	protein_coding+	0
chrIX	414529	414729	protein_coding-	1.295
chrIX	415467	415667	protein_coding-	4.81
chrIX	415974	416174	protein_coding+	0
chrIX	420586	420786	protein_coding-	1.03
chrIX	421640	421840	protein_coding-	0
chrIX	422485	422685	protein_coding+	0
chrIX	422715	422915	protein_coding-	0
chrIX	422978	423178	protein_coding+	0
chrIX	424363	424563	protein_coding-	0
chrIX	431961	432161	protein_coding-	0
chrIX	433571	433771	protein_coding-	0
chrIX	433779	433979	protein_coding+	0
chrIX	435833	436033	protein_coding-	0
chrV	480	680	protein_coding+	0
chrV	3947	4147	protein_coding-	0
chrV	4720	4920	protein_coding+	0
chrV	4964	5164	protein_coding-	0
chrV	5563	5763	protein_coding-	0
chrV	5976	6176	protein_coding+	0
chrV	7403	7603	protein_coding-	0
chrV	13570	13770	protein_coding+	0
chrV	16205	16405	protein_coding+	16.265
chrV	19439	19639	protein_coding+	0
chrV	23081	23281	protein_coding-	0
chrV	25828	26028	protein_coding-	0
chrV	26517	26717	protein_coding+	0
chrV	26626	26826	protein_coding-	0
chrV	27507	27707	protein_coding+	0
chrV	31089	31289	protein_coding-	0
chrV	33316	33516	protein_coding-	18.775
chrV	34257	34457	protein_coding+	0
chrV	39387	39587	protein_coding-	0
chrV	41803	42003	protein_coding-	2.115
chrV	42474	42674	protein_coding-	0
chrV	42502	42702	protein_coding+	0
chrV	43102	43302	protein_coding+	0
chrV	45571	45771	protein_coding-	0
chrV	47018	47218	protein_coding+	0
chrV	51389	51589	protein_coding-	0
chrV	52170	52370	snoRNA-	2.705
chrV	52758	52958	protein_coding+	23.7
chrV	53068	53268	protein_coding-	22.655
chrV	55952	56152	protein_coding-	0
chrV	56421	56621	protein_coding+	0
chrV	58228	58428	protein_coding+	0
chrV	59399	59599	protein_coding+	0
chrV	60701	60901	protein_coding-	0
chrV	61202	61402	snoRNA+	23.245
chrV	61301	61501	snorna+	22.48
chrV	61549	61749	snoRNA+	10.795
chrV	61648	61848	snorna+	7.995
chrV	61810	62010	tRNA-	18.725
chrV	63578	63778	protein_coding+	0
chrV	65017	65217	protein_coding-	0
chrV	66647	66847	protein_coding-	0.575
chrV	68642	68842	protein_coding-	85.54
chrV	69115	69315	protein_coding-	0
chrV	69607	69807	protein_coding+	0
chrV	70328	70528	protein_coding+	0
chrV	73621	73821	protein_coding+	0
chrV	75794	75994	protein_coding+	0
chrV	77903	78103	protein_coding+	3.94
chrV	79827	80027	protein_coding-	0
chrV	80312	80512	protein_coding+	0
chrV	82453	82653	protein_coding-	0
chrV	84402	84602	protein_coding-	0
chrV	85395	85595	protein_coding-	104.135
chrV	85526	85726	protein_coding+	253.555
chrV	86029	86229	protein_coding+	319.535
chrV	86065	86265	protein_coding-	270.76
chrV	86454	86654	tRNA+	30.915
chrV	86553	86753	trna+	0.16
chrV	86787	86987	protein_coding+	0
chrV	87051	87251	protein_coding-	0
chrV	90108	90308	protein_coding+	0
chrV	94494	94694	protein_coding+	0
chrV	94747	94947	protein_coding-	0
chrV	97646	97846	protein_coding-	0
chrV	98518	98718	protein_coding+	0
chrV	99983	100183	tRNA+	2.53
chrV	100082	100282	trna+	0.515
chrV	100619	100819	protein_coding+	9.44
chrV	101793	101993	protein_coding+	11.24
chrV	105997	106197	protein_coding-	0
chrV	107110	107310	protein_coding+	0.02
chrV	110402	110602	protein_coding-	0
chrV	111271	111471	protein_coding+	0
chrV	116017	116217	protein_coding+	0.885
chrV	117061	117261	protein_coding+	4.59
chrV	117230	117430	protein_coding-	32.475
chrV	117882	118082	rnase_p_rna-	0
chrV	117885	118085	ncRNA-	0
chrV	120149	120349	protein_coding-	0
chrV	121151	121351	protein_coding-	0
chrV	121321	121521	protein_coding+	0
chrV	121838	122038	protein_coding-	0
chrV	122779	122979	protein_coding-	25.02
chrV	123507	123707	protein_coding+	0
chrV	126068	126268	protein_coding-	0
chrV	126479	126679	protein_coding+	0
chrV	128458	128658	protein_coding-	5.195
chrV	128675	128875	protein_coding+	0.655
chrV	131003	131203	tRNA-	0
chrV	131622	131822	protein_coding+	0
chrV	132970	133170	protein_coding+	0
chrV	135347	135547	tRNA-	0
chrV	136129	136329	protein_coding+	0
chrV	136628	136828	protein_coding-	0
chrV	138516	138716	tRNA+	0.32
chrV	138615	138815	trna+	36.18
chrV	139613	139813	protein_coding-	37.68
chrV	140362	140562	protein_coding+	20.79
chrV	140668	140868	protein_coding-	0
chrV	141742	141942	protein_coding+	0
chrV	144177	144377	protein_coding+	0
chrV	146605	146805	protein_coding-	0
chrV	146801	147001	protein_coding+	0
chrV	148026	148226	protein_coding+	0
chrV	149864	150064	protein_coding-	0.085
chrV	150828	151028	protein_coding-	0
chrV	153370	153570	protein_coding+	3.385
chrV	156653	156853	protein_coding+	0
chrV	158968	159168	protein_coding-	0
chrV	159430	159630	protein_coding+	0
chrV	160400	160600	protein_coding+	1.275
chrV	162573	162773	protein_coding+	0
chrV	164377	164577	protein_coding+	0
chrV	164511	164711	protein_coding-	0
chrV	166735	166935	protein_coding-	1.16
chrV	167436	167636	snRNA-	24.155
chrV	171668	171868	protein_coding-	0.23
chrV	171965	172165	protein_coding+	0.065
chrV	173188	173388	protein_coding-	0
chrV	175098	175298	protein_coding+	0
chrV	176949	177149	tRNA+	30.9
chrV	177048	177248	trna+	33.54
chrV	177685	177885	protein_coding+	0.185
chrV	178691	178891	protein_coding+	0
chrV	182450	182650	protein_coding+	0
chrV	184391	184591	protein_coding+	0
chrV	184550	184750	protein_coding-	0
chrV	188127	188327	protein_coding+	0
chrV	191638	191838	protein_coding-	2.2
chrV	192474	192674	protein_coding-	0
chrV	192647	192847	protein_coding+	0
chrV	194389	194589	protein_coding-	19.68
chrV	195018	195218	protein_coding+	0
chrV	196798	196998	protein_coding+	3.395
chrV	198662	198862	protein_coding+	0
chrV	200926	201126	protein_coding+	0.025
chrV	201584	201784	protein_coding-	0
chrV	202042	202242	protein_coding+	0
chrV	205101	205301	protein_coding+	2.365
chrV	207207	207407	tRNA+	0
chrV	207306	207506	trna+	3.86
chrV	208324	208524	protein_coding-	3.435
chrV	210082	210282	protein_coding-	0
chrV	211726	211926	protein_coding-	0.345
chrV	213027	213227	protein_coding-	0
chrV	213287	213487	protein_coding+	0
chrV	214597	214797	protein_coding-	0.54
chrV	214913	215113	protein_coding+	0
chrV	221137	221337	protein_coding-	0
chrV	221696	221896	protein_coding+	0
chrV	222489	222689	protein_coding+	7.205
chrV	225049	225249	protein_coding-	8.785
chrV	225739	225939	protein_coding+	0
chrV	228102	228302	protein_coding-	0
chrV	228301	228501	protein_coding+	0
chrV	229055	229255	protein_coding-	0
chrV	229331	229531	protein_coding-	0
chrV	229645	229845	protein_coding+	0
chrV	232311	232511	protein_coding+	0
chrV	234787	234987	protein_coding+	0
chrV	236969	237169	protein_coding-	24.19
chrV	237866	238066	protein_coding-	0
chrV	239624	239824	protein_coding-	0
chrV	241351	241551	protein_coding-	0
chrV	243030	243230	protein_coding+	0
chrV	243550	243750	protein_coding+	0
chrV	246353	246553	protein_coding-	0
chrV	248007	248207	protein_coding-	0
chrV	250136	250336	tRNA+	0
chrV	250235	250435	trna+	0
chrV	250568	250768	protein_coding+	0.005
chrV	251578	251778	protein_coding+	0
chrV	254237	254437	protein_coding-	0
chrV	254506	254706	protein_coding+	0
chrV	257808	258008	protein_coding-	2.405
chrV	259489	259689	protein_coding-	0
chrV	260896	261096	protein_coding-	0
chrV	263548	263748	protein_coding-	0
chrV	265635	265835	protein_coding-	0
chrV	267963	268163	protein_coding-	10.935
chrV	270035	270235	protein_coding-	0
chrV	270976	271176	protein_coding-	0
chrV	271618	271818	protein_coding+	0
chrV	272474	272674	protein_coding+	0
chrV	274417	274617	protein_coding+	0
chrV	276422	276622	protein_coding+	0
chrV	279476	279676	protein_coding-	0
chrV	280532	280732	protein_coding-	0
chrV	281560	281760	protein_coding+	0.37
chrV	284072	284272	protein_coding-	0.67
chrV	286764	286964	protein_coding-	0
chrV	288374	288574	tRNA-	0
chrV	290092	290292	protein_coding+	0
chrV	291916	292116	protein_coding+	0
chrV	292053	292253	protein_coding-	0
chrV	292413	292613	protein_coding-	0
chrV	292900	293100	protein_coding+	0
chrV	295260	295460	protein_coding+	0
chrV	295582	295782	protein_coding-	0
chrV	298800	299000	protein_coding+	1.315
chrV	302177	302377	protein_coding-	0
chrV	302656	302856	protein_coding+	2.005
chrV	303880	304080	protein_coding+	0
chrV	306173	306373	protein_coding+	0
chrV	307503	307703	protein_coding+	0
chrV	311049	311249	protein_coding-	0
chrV	311945	312145	tRNA-	0
chrV	313240	313440	protein_coding+	0
chrV	313348	313548	protein_coding-	0
chrV	316450	316650	protein_coding-	0
chrV	318192	318392	protein_coding-	0
chrV	318496	318696	protein_coding+	0
chrV	318770	318970	protein_coding+	0
chrV	319813	320013	protein_coding+	0
chrV	320090	320290	protein_coding-	0
chrV	322062	322262	ncRNA+	37.8
chrV	322536	322736	protein_coding+	102.845
chrV	325786	325986	protein_coding-	0
chrV	326881	327081	protein_coding-	0
chrV	326915	327115	protein_coding+	0
chrV	327448	327648	protein_coding+	0
chrV	327990	328190	protein_coding-	0
chrV	328327	328527	protein_coding+	0
chrV	330426	330626	protein_coding+	0
chrV	332218	332418	protein_coding-	0
chrV	332680	332880	protein_coding-	0
chrV	335038	335238	protein_coding-	3.095
chrV	335777	335977	protein_coding+	0.315
chrV	335869	336069	protein_coding-	0.18
chrV	337190	337390	protein_coding-	0.065
chrV	337799	337999	protein_coding+	0
chrV	338261	338461	protein_coding-	0
chrV	342017	342217	protein_coding-	3.995
chrV	342461	342661	protein_coding-	0
chrV	342705	342905	protein_coding+	0
chrV	347462	347662	protein_coding-	0
chrV	348250	348450	protein_coding-	0.295
chrV	349196	349396	protein_coding-	0.995
chrV	349830	350030	protein_coding+	0
chrV	351548	351748	protein_coding+	0
chrV	354784	354984	tRNA+	0
chrV	354883	355083	trna+	0.075
chrV	354990	355190	protein_coding+	0
chrV	355316	355516	protein_coding+	0
chrV	358911	359111	protein_coding-	0
chrV	359412	359612	protein_coding+	0
chrV	361644	361844	protein_coding-	0
chrV	362950	363150	protein_coding+	28.61
chrV	364439	364639	protein_coding+	0
chrV	366652	366852	protein_coding+	0
chrV	371863	372063	protein_coding-	0
chrV	372176	372376	protein_coding+	0
chrV	374244	374444	protein_coding+	0
chrV	374395	374595	protein_coding-	0
chrV	381953	382153	protein_coding-	0.87
chrV	385726	385926	protein_coding-	0
chrV	387082	387282	protein_coding+	0
chrV	389902	390102	protein_coding-	0
chrV	393562	393762	protein_coding-	0
chrV	394717	394917	protein_coding-	0
chrV	396022	396222	protein_coding-	0
chrV	396619	396819	protein_coding+	0.78
chrV	398905	399105	protein_coding-	0
chrV	400692	400892	protein_coding-	0
chrV	400985	401185	protein_coding+	0.015
chrV	401088	401288	protein_coding-	1.865
chrV	402225	402425	protein_coding+	0
chrV	404202	404402	protein_coding-	0.485
chrV	404663	404863	protein_coding+	0
chrV	408913	409113	protein_coding-	7.79
chrV	410039	410239	protein_coding+	0
chrV	414029	414229	protein_coding-	0.845
chrV	414331	414531	protein_coding+	0
chrV	415709	415909	protein_coding+	0
chrV	417131	417331	protein_coding+	0
chrV	422296	422496	protein_coding-	0
chrV	423802	424002	protein_coding+	13.495
chrV	424548	424748	snoRNA+	61.03
chrV	424647	424847	snorna+	94.865
chrV	430299	430499	protein_coding-	0
chrV	431070	431270	snoRNA-	0
chrV	432345	432545	protein_coding+	0.135
chrV	434462	434662	tRNA-	21.715
chrV	435674	435874	tRNA-	0
chrV	437041	437241	protein_coding+	0
chrV	437653	437853	protein_coding-	0
chrV	438194	438394	protein_coding-	0
chrV	438550	438750	tRNA+	0
chrV	438649	438849	trna+	0
chrV	439466	439666	protein_coding+	0.26
chrV	441425	441625	protein_coding+	0
chrV	441669	441869	protein_coding-	0
chrV	441837	442037	ncRNA+	0
chrV	441936	442136	srp_rna+	0
chrV	443125	443325	tRNA-	13.59
chrV	448874	449074	transposable_element-	0
chrV	449324	449524	protein_coding+	0
chrV	451093	451293	protein_coding-	0
chrV	451415	451615	protein_coding+	0
chrV	453309	453509	protein_coding+	5.95
chrV	455886	456086	protein_coding-	0
chrV	456169	456369	protein_coding+	0
chrV	460073	460273	protein_coding-	1.645
chrV	461590	461790	protein_coding-	2.48
chrV	462435	462635	protein_coding+	0.59
chrV	462673	462873	protein_coding-	1.045
chrV	464692	464892	protein_coding-	0
chrV	465153	465353	protein_coding+	0.585
chrV	465463	465663	protein_coding-	1.215
chrV	466035	466235	protein_coding+	1.48
chrV	467320	467520	protein_coding-	0
chrV	468220	468420	protein_coding+	0
chrV	469307	469507	tRNA+	0
chrV	469406	469606	trna+	0
chrV	472274	472474	protein_coding-	0.365
chrV	473335	473535	protein_coding+	0
chrV	473838	474038	protein_coding-	0
chrV	474655	474855	protein_coding-	0
chrV	474870	475070	protein_coding+	0
chrV	482698	482898	protein_coding-	0.575
chrV	484191	484391	protein_coding-	0.135
chrV	484638	484838	protein_coding+	3
chrV	487252	487452	tRNA-	0.235
chrV	490428	490628	protein_coding-	0.145
chrV	491337	491537	protein_coding+	3.6
chrV	491808	492008	protein_coding-	2.69
chrV	492274	492474	tRNA-	3.095
chrV	497974	498174	transposable_element-	0
chrV	500198	500398	protein_coding-	0
chrV	502744	502944	protein_coding-	0
chrV	503632	503832	protein_coding-	0.83
chrV	505242	505442	protein_coding+	0.365
chrV	510223	510423	protein_coding+	1.73
chrV	512594	512794	protein_coding+	0
chrV	512833	513033	protein_coding-	0
chrV	518066	518266	protein_coding+	0
chrV	522519	522719	protein_coding-	0
chrV	523219	523419	protein_coding+	0
chrV	525824	526024	protein_coding+	0.27
chrV	526932	527132	protein_coding+	0.235
chrV	535871	536071	protein_coding-	0
chrV	536150	536350	protein_coding+	0
chrV	536505	536705	protein_coding-	0
chrV	539018	539218	protein_coding-	0
chrV	540213	540413	protein_coding-	0
chrV	540500	540700	protein_coding+	0
chrV	541540	541740	protein_coding+	0
chrV	545461	545661	protein_coding+	8.29
chrV	546667	546867	protein_coding+	26.54
chrV	548271	548471	protein_coding+	0
chrV	550377	550577	protein_coding-	0
chrV	550972	551172	protein_coding-	0
chrV	551208	551408	tRNA-	0
chrV	551646	551846	protein_coding-	0
chrV	552375	552575	protein_coding+	0
chrV	553819	554019	protein_coding-	0
chrV	558530	558730	protein_coding-	0
chrV	559304	559504	protein_coding+	0
chrV	562475	562675	protein_coding-	0
chrV	566080	566280	protein_coding+	0
chrV	567890	568090	protein_coding+	0
chrV	569757	569957	protein_coding-	0
chrV	571005	571205	protein_coding+	0
chrV	571330	571530	protein_coding+	0
chrV	575229	575429	protein_coding-	0
chrV	576012	576212	protein_coding-	0
chrVI	0	103	protein_coding+	0
chrVI	686	886	protein_coding+	0
chrVI	2465	2665	protein_coding-	0
chrVI	3188	3388	protein_coding-	0
chrVI	3696	3896	protein_coding-	0
chrVI	4916	5116	protein_coding+	0
chrVI	6276	6476	protein_coding+	0
chrVI	9395	9595	protein_coding+	0
chrVI	10819	11019	protein_coding-	0
chrVI	11213	11413	protein_coding+	0
chrVI	12779	12979	protein_coding+	0
chrVI	15281	15481	pseudogene-	0
chrVI	16854	17054	protein_coding+	0
chrVI	22637	22837	protein_coding-	0
chrVI	23273	23473	protein_coding+	0
chrVI	28082	28282	protein_coding+	0
chrVI	30390	30590	protein_coding-	0
chrVI	35698	35898	protein_coding-	0
chrVI	36653	36853	protein_coding+	0
chrVI	40030	40230	protein_coding-	0
chrVI	40271	40471	protein_coding+	0
chrVI	42665	42865	protein_coding+	0
chrVI	44242	44442	protein_coding-	9.38
chrVI	45410	45610	protein_coding-	0
chrVI	47594	47794	protein_coding-	0
chrVI	48584	48784	protein_coding+	0
chrVI	48989	49189	protein_coding+	0
chrVI	51200	51400	protein_coding+	0
chrVI	54546	54746	protein_coding-	8.475
chrVI	55836	56036	protein_coding-	2.315
chrVI	56186	56386	protein_coding+	0
chrVI	58371	58571	ncRNA-	0
chrVI	58632	58832	protein_coding+	0
chrVI	63843	64043	protein_coding-	3.96
chrVI	64782	64982	protein_coding-	9.29
chrVI	65327	65527	protein_coding+	0
chrVI	74277	74477	protein_coding-	0
chrVI	74722	74922	protein_coding+	0
chrVI	75029	75229	protein_coding+	19.935
chrVI	75965	76165	protein_coding-	4.915
chrVI	76681	76881	protein_coding+	8.995
chrVI	79011	79211	protein_coding-	0
chrVI	80063	80263	protein_coding-	0
chrVI	81762	81962	protein_coding-	0
chrVI	82430	82630	protein_coding+	0
chrVI	87084	87284	protein_coding-	0
chrVI	90195	90395	protein_coding-	9.745
chrVI	90836	91036	protein_coding+	0
chrVI	94860	95060	protein_coding-	2.905
chrVI	95816	96016	protein_coding+	9.94
chrVI	96465	96665	protein_coding-	11.515
chrVI	99449	99649	protein_coding-	0
chrVI	100455	100655	protein_coding-	0
chrVI	101226	101426	tRNA+	0
chrVI	101325	101525	trna+	0
chrVI	102977	103177	protein_coding-	2.835
chrVI	103549	103749	protein_coding+	0
chrVI	104312	104512	protein_coding-	0
chrVI	106086	106286	protein_coding-	0.895
chrVI	106265	106465	protein_coding+	0
chrVI	106813	107013	protein_coding-	0
chrVI	107106	107306	protein_coding+	0
chrVI	107649	107849	protein_coding+	0
chrVI	109660	109860	protein_coding+	0
chrVI	109780	109980	protein_coding-	0
chrVI	110497	110697	protein_coding+	0
chrVI	112195	112395	protein_coding+	0
chrVI	114840	115040	protein_coding+	0
chrVI	115593	115793	protein_coding-	0.375
chrVI	115995	116195	protein_coding+	0
chrVI	119279	119479	protein_coding+	0
chrVI	123329	123529	protein_coding+	0
chrVI	130184	130384	protein_coding+	0.12
chrVI	131353	131553	ncRNA-	0
chrVI	131660	131860	protein_coding+	0
chrVI	137007	137207	protein_coding-	0
chrVI	137409	137609	tRNA-	0
chrVI	138054	138254	transposable_element+	0
chrVI	146784	146984	protein_coding-	0
chrVI	146981	147181	protein_coding+	0
chrVI	148960	149160	protein_coding+	0
chrVI	149866	150066	protein_coding+	0.465
chrVI	152974	153174	protein_coding-	0.19
chrVI	153243	153443	protein_coding+	1.515
chrVI	155723	155923	protein_coding-	0
chrVI	155995	156195	protein_coding+	0
chrVI	157857	158057	tRNA-	0
chrVI	159149	159349	protein_coding+	0
chrVI	160385	160585	protein_coding+	0
chrVI	162078	162278	tRNA+	0
chrVI	162177	162377	trna+	0
chrVI	162338	162538	protein_coding+	0
chrVI	163725	163925	protein_coding+	0
chrVI	164917	165117	protein_coding+	1.84
chrVI	166578	166778	protein_coding+	1.05
chrVI	167108	167308	protein_coding-	0
chrVI	167287	167487	tRNA+	0
chrVI	167386	167586	trna+	0
chrVI	167738	167938	protein_coding+	0
chrVI	169074	169274	protein_coding+	0
chrVI	169772	169972	protein_coding+	0
chrVI	173727	173927	protein_coding-	0
chrVI	176241	176441	protein_coding-	0
chrVI	180593	180793	protein_coding-	0
chrVI	180894	181094	tRNA-	0
chrVI	182711	182911	protein_coding-	0
chrVI	184072	184272	protein_coding-	0
chrVI	184352	184552	protein_coding+	0
chrVI	191463	191663	tRNA-	0
chrVI	192587	192787	protein_coding+	0
chrVI	194662	194862	protein_coding+	0
chrVI	196683	196883	protein_coding+	0
chrVI	199663	199863	ncRNA-	0
chrVI	199724	199924	protein_coding+	0
chrVI	203283	203483	protein_coding-	0
chrVI	204600	204800	protein_coding-	0
chrVI	204846	205046	tRNA-	0
chrVI	206107	206307	protein_coding-	0
chrVI	207302	207502	protein_coding+	0
chrVI	209918	210118	protein_coding-	0
chrVI	210557	210757	tRNA-	0
chrVI	210787	210987	protein_coding+	0
chrVI	213162	213362	protein_coding+	0.47
chrVI	219956	220156	protein_coding-	0.5
chrVI	221268	221468	protein_coding-	6.15
chrVI	221564	221764	ncRNA+	0
chrVI	221663	221863	srna+	0
chrVI	222809	223009	protein_coding-	1.035
chrVI	223287	223487	protein_coding-	30.66
chrVI	223823	224023	protein_coding-	0.655
chrVI	224619	224819	protein_coding-	4.78
chrVI	225808	226008	protein_coding-	3.975
chrVI	225872	226072	protein_coding+	3.04
chrVI	226315	226515	protein_coding-	0
chrVI	226610	226810	tRNA-	0
chrVI	226813	227013	protein_coding+	0
chrVI	227301	227501	protein_coding+	0.125
chrVI	229036	229236	protein_coding-	0.27
chrVI	229230	229430	protein_coding+	0
chrVI	233394	233594	protein_coding-	0
chrVI	234092	234292	protein_coding+	0
chrVI	238105	238305	protein_coding-	0
chrVI	238308	238508	protein_coding+	0
chrVI	239677	239877	protein_coding-	0
chrVI	241287	241487	protein_coding-	0.105
chrVI	241848	242048	protein_coding+	0
chrVI	244009	244209	protein_coding-	0
chrVI	245016	245216	protein_coding-	0
chrVI	245996	246196	protein_coding+	0
chrVI	248373	248573	protein_coding+	0
chrVI	249716	249916	protein_coding-	1.565
chrVI	251653	251853	protein_coding-	1.025
chrVI	252355	252555	protein_coding+	0.3
chrVI	253584	253784	protein_coding-	1.025
chrVI	254899	255099	protein_coding-	0
chrVI	259283	259483	protein_coding-	0
chrVI	264054	264254	protein_coding+	0
chrVI	264175	264375	protein_coding-	3.19
chrVI	268911	269111	protein_coding+	0
chrVII	2640	2840	protein_coding+	0
chrVII	5162	5362	protein_coding+	0
chrVII	6502	6702	protein_coding-	0
chrVII	6710	6910	protein_coding+	0
chrVII	8320	8520	protein_coding+	0
chrVII	9012	9212	protein_coding+	0
chrVII	10960	11160	protein_coding+	0
chrVII	14007	14207	protein_coding-	0.065
chrVII	15009	15209	protein_coding+	0
chrVII	17559	17759	srna-	0
chrVII	20828	21028	protein_coding+	24.925
chrVII	22154	22354	protein_coding+	25.5
chrVII	23785	23985	protein_coding+	6.865
chrVII	27334	27534	protein_coding-	0.045
chrVII	31486	31686	protein_coding-	0
chrVII	31760	31960	protein_coding+	0
chrVII	32948	33148	protein_coding+	0
chrVII	34863	35063	ncRNA-	0
chrVII	35503	35703	protein_coding+	0
chrVII	36783	36983	protein_coding+	8.08
chrVII	38630	38830	protein_coding-	0
chrVII	38873	39073	protein_coding+	0.04
chrVII	41348	41548	protein_coding+	0
chrVII	43157	43357	protein_coding+	0
chrVII	45047	45247	protein_coding-	0
chrVII	45295	45495	protein_coding+	0
chrVII	48463	48663	protein_coding+	0
chrVII	49402	49602	protein_coding+	0.245
chrVII	49595	49795	protein_coding-	2.34
chrVII	53378	53578	protein_coding-	0
chrVII	55129	55329	protein_coding+	0
chrVII	55646	55846	protein_coding-	1.19
chrVII	56332	56532	protein_coding+	2.59
chrVII	58972	59172	protein_coding+	0.245
chrVII	61925	62125	protein_coding+	0
chrVII	63470	63670	protein_coding-	0
chrVII	64065	64265	protein_coding-	0
chrVII	66809	67009	protein_coding-	0
chrVII	67448	67648	protein_coding+	0.04
chrVII	69521	69721	protein_coding+	0.005
chrVII	73008	73208	protein_coding-	0
chrVII	73190	73390	protein_coding+	0
chrVII	73752	73952	tRNA-	12.825
chrVII	76744	76944	protein_coding+	4.175
chrVII	78707	78907	protein_coding-	0
chrVII	80215	80415	protein_coding-	0
chrVII	81036	81236	protein_coding-	11.77
chrVII	82142	82342	protein_coding-	0
chrVII	82224	82424	protein_coding+	0
chrVII	83500	83700	protein_coding+	0
chrVII	84107	84307	protein_coding-	0
chrVII	84735	84935	protein_coding+	0
chrVII	85030	85230	protein_coding-	0
chrVII	87831	88031	protein_coding+	0.08
chrVII	89860	90060	protein_coding+	0
chrVII	91097	91297	protein_coding-	0
chrVII	91282	91482	protein_coding+	0
chrVII	92362	92562	protein_coding+	0
chrVII	93642	93842	protein_coding+	1.805
chrVII	95708	95908	protein_coding+	4.545
chrVII	97188	97388	protein_coding+	3.67
chrVII	98819	99019	protein_coding+	0
chrVII	107354	107554	protein_coding-	0.73
chrVII	108008	108208	protein_coding+	0
chrVII	110546	110746	tRNA-	0
chrVII	111855	112055	protein_coding-	0
chrVII	114514	114714	protein_coding-	0.04
chrVII	115338	115538	tRNA+	0
chrVII	115437	115637	trna+	0
chrVII	115909	116109	protein_coding+	1.72
chrVII	120757	120957	protein_coding-	0
chrVII	122119	122319	tRNA+	0.285
chrVII	122218	122418	trna+	0
chrVII	123155	123355	protein_coding-	2.855
chrVII	123441	123641	protein_coding+	2.32
chrVII	123892	124092	protein_coding-	4.76
chrVII	124548	124748	protein_coding+	6.935
chrVII	129733	129933	protein_coding+	0.12
chrVII	131375	131575	protein_coding+	0.425
chrVII	139811	140011	protein_coding-	0
chrVII	141576	141776	protein_coding-	0.685
chrVII	142077	142277	protein_coding-	0
chrVII	142096	142296	protein_coding+	0
chrVII	143970	144170	ncRNA-	0
chrVII	144658	144858	protein_coding+	0
chrVII	147239	147439	protein_coding-	0
chrVII	148438	148638	protein_coding-	41.605
chrVII	148814	149014	protein_coding-	0.055
chrVII	149366	149566	protein_coding-	0
chrVII	150021	150221	protein_coding-	3.735
chrVII	152626	152826	protein_coding-	0
chrVII	154156	154356	protein_coding-	0
chrVII	155862	156062	protein_coding-	0
chrVII	157135	157335	protein_coding-	0
chrVII	157446	157646	protein_coding-	0
chrVII	157756	157956	protein_coding+	0
chrVII	159915	160115	protein_coding+	0
chrVII	164941	165141	protein_coding-	0.08
chrVII	167202	167402	protein_coding+	0
chrVII	167409	167609	protein_coding+	0
chrVII	172929	173129	protein_coding-	0
chrVII	174172	174372	protein_coding-	0
chrVII	174395	174595	protein_coding+	0
chrVII	179963	180163	protein_coding-	0.2
chrVII	180550	180750	protein_coding+	0.5
chrVII	182240	182440	protein_coding+	0
chrVII	185244	185444	protein_coding-	0
chrVII	185636	185836	tRNA-	0
chrVII	185909	186109	protein_coding+	0
chrVII	187314	187514	protein_coding+	0.085
chrVII	190318	190518	protein_coding-	9.675
chrVII	190979	191179	protein_coding+	0
chrVII	191826	192026	protein_coding-	0.12
chrVII	193150	193350	protein_coding-	0
chrVII	196253	196453	protein_coding-	0
chrVII	197988	198188	protein_coding+	0.03
chrVII	199992	200192	protein_coding-	0.235
chrVII	200411	200611	protein_coding+	0
chrVII	202571	202771	protein_coding+	0
chrVII	205371	205571	tRNA+	0
chrVII	205470	205670	trna+	0
chrVII	206883	207083	protein_coding+	0
chrVII	208856	209056	protein_coding+	0.03
chrVII	210266	210466	protein_coding+	0
chrVII	213931	214131	protein_coding+	0
chrVII	215946	216146	protein_coding-	0
chrVII	216123	216323	protein_coding+	0
chrVII	217219	217419	protein_coding-	11.635
chrVII	217374	217574	protein_coding+	2.9
chrVII	225422	225622	protein_coding+	0
chrVII	225423	225623	protein_coding-	0
chrVII	226249	226449	protein_coding+	0
chrVII	228179	228379	protein_coding-	17.635
chrVII	229536	229736	protein_coding-	0
chrVII	230093	230293	protein_coding+	0
chrVII	234357	234557	protein_coding-	0
chrVII	235808	236008	protein_coding-	0
chrVII	237969	238169	protein_coding-	0
chrVII	238203	238403	protein_coding+	0
chrVII	244862	245062	protein_coding-	0
chrVII	245566	245766	protein_coding+	0
chrVII	249381	249581	protein_coding-	0
chrVII	249719	249919	protein_coding+	0.29
chrVII	253709	253909	protein_coding-	0
chrVII	254491	254691	protein_coding+	29.085
chrVII	255513	255713	protein_coding+	14.865
chrVII	257557	257757	protein_coding+	0
chrVII	261430	261630	protein_coding+	0
chrVII	265709	265909	protein_coding-	0
chrVII	265995	266195	protein_coding+	0
chrVII	268925	269125	protein_coding-	0
chrVII	269994	270194	protein_coding-	0
chrVII	270625	270825	protein_coding-	0.06
chrVII	270847	271047	protein_coding+	0
chrVII	272370	272570	protein_coding+	0.05
chrVII	276564	276764	protein_coding-	0
chrVII	277467	277667	protein_coding+	25.69
chrVII	277714	277914	protein_coding-	41.87
chrVII	280373	280573	protein_coding-	0
chrVII	281007	281207	protein_coding-	0
chrVII	283787	283987	protein_coding-	0
chrVII	284292	284492	protein_coding+	0
chrVII	287305	287505	tRNA-	0
chrVII	288301	288501	protein_coding-	0.055
chrVII	288362	288562	protein_coding+	0.14
chrVII	289659	289859	protein_coding+	0
chrVII	291883	292083	protein_coding+	0.085
chrVII	293310	293510	protein_coding+	0
chrVII	295782	295982	protein_coding+	0
chrVII	299578	299778	protein_coding-	0
chrVII	299828	300028	protein_coding+	0
chrVII	303261	303461	protein_coding-	0
chrVII	303363	303563	protein_coding+	0
chrVII	303921	304121	protein_coding-	0
chrVII	306123	306323	protein_coding-	0
chrVII	306410	306610	protein_coding+	0
chrVII	307287	307487	protein_coding+	0
chrVII	310023	310223	protein_coding-	0
chrVII	310817	311017	protein_coding+	58.635
chrVII	311783	311983	protein_coding-	80.605
chrVII	312043	312243	protein_coding+	10.715
chrVII	313084	313284	protein_coding+	0
chrVII	314481	314681	protein_coding+	0
chrVII	316638	316838	snoRNA+	16.625
chrVII	316737	316937	snorna+	20.77
chrVII	317192	317392	protein_coding+	13.435
chrVII	319631	319831	tRNA+	0
chrVII	319730	319930	trna+	0
chrVII	321632	321832	protein_coding+	0
chrVII	325181	325381	protein_coding+	0
chrVII	328433	328633	tRNA+	0
chrVII	328532	328732	trna+	0
chrVII	330457	330657	protein_coding-	0
chrVII	334315	334515	protein_coding-	0
chrVII	334736	334936	protein_coding+	0
chrVII	337756	337956	protein_coding+	0
chrVII	342892	343092	protein_coding-	0
chrVII	343169	343369	protein_coding+	0
chrVII	345003	345203	protein_coding-	3.44
chrVII	345686	345886	protein_coding+	2.82
chrVII	345836	346036	snoRNA+	124.865
chrVII	345935	346135	snorna+	239.93
chrVII	346754	346954	protein_coding-	0
chrVII	346969	347169	protein_coding+	0
chrVII	349466	349666	protein_coding+	0
chrVII	352148	352348	protein_coding-	0
chrVII	352908	353108	protein_coding+	0
chrVII	355677	355877	protein_coding+	0
chrVII	357227	357427	protein_coding+	0
chrVII	358486	358686	protein_coding+	0
chrVII	359294	359494	protein_coding+	0
chrVII	361709	361909	protein_coding-	0
chrVII	363766	363966	protein_coding-	2.74
chrVII	365101	365301	snoRNA-	1.4
chrVII	365105	365305	snorna-	1.4
chrVII	365846	366046	protein_coding-	0
chrVII	366318	366518	snorna-	39.22
chrVII	366319	366519	snoRNA-	39.22
chrVII	367938	368138	protein_coding-	0
chrVII	368603	368803	protein_coding+	0
chrVII	368772	368972	protein_coding-	0
chrVII	371212	371412	protein_coding-	26.785
chrVII	371862	372062	protein_coding+	0
chrVII	374677	374877	protein_coding-	1.01
chrVII	374937	375137	protein_coding+	0.15
chrVII	375364	375564	protein_coding-	0.79
chrVII	375951	376151	protein_coding+	0
chrVII	377459	377659	protein_coding+	0
chrVII	381121	381321	protein_coding-	0
chrVII	383058	383258	protein_coding-	0
chrVII	383504	383704	protein_coding+	0.08
chrVII	384501	384701	protein_coding-	0
chrVII	385046	385246	protein_coding+	1.065
chrVII	389561	389761	protein_coding-	0
chrVII	389915	390115	protein_coding+	0
chrVII	392073	392273	protein_coding+	0
chrVII	393836	394036	protein_coding+	0.19
chrVII	395679	395879	protein_coding-	0
chrVII	397468	397668	protein_coding-	0
chrVII	398478	398678	protein_coding+	9.1
chrVII	401137	401337	protein_coding-	0.47
chrVII	401448	401648	tRNA-	0
chrVII	402439	402639	protein_coding+	0
chrVII	403287	403487	protein_coding+	0
chrVII	403537	403737	protein_coding+	0
chrVII	405320	405520	tRNA+	0
chrVII	405419	405619	trna+	0
chrVII	405626	405826	protein_coding+	0
chrVII	409454	409654	protein_coding-	0
chrVII	411136	411336	protein_coding-	0
chrVII	411402	411602	protein_coding+	0
chrVII	412217	412417	tRNA-	3.475
chrVII	413952	414152	protein_coding+	0
chrVII	416886	417086	protein_coding-	0
chrVII	417333	417533	protein_coding+	0
chrVII	418443	418643	protein_coding-	0
chrVII	418675	418875	protein_coding+	0
chrVII	418736	418936	protein_coding-	0
chrVII	419075	419275	protein_coding-	1.82
chrVII	420405	420605	protein_coding-	0.245
chrVII	422942	423142	tRNA+	0
chrVII	423041	423241	trna+	0
chrVII	423811	424011	protein_coding+	0
chrVII	426654	426854	protein_coding-	0
chrVII	427797	427997	protein_coding-	0
chrVII	428451	428651	protein_coding+	0
chrVII	432912	433112	protein_coding-	0.645
chrVII	433429	433629	protein_coding-	0
chrVII	435475	435675	protein_coding+	0
chrVII	436683	436883	protein_coding-	0
chrVII	437784	437984	protein_coding-	2.475
chrVII	438941	439141	protein_coding+	0
chrVII	439913	440113	protein_coding+	0.04
chrVII	440657	440857	tRNA-	0
chrVII	442759	442959	protein_coding-	8.48
chrVII	445993	446193	protein_coding-	0
chrVII	448385	448585	protein_coding-	1.995
chrVII	449638	449838	protein_coding+	0
chrVII	449807	450007	protein_coding-	0
chrVII	451954	452154	protein_coding-	0
chrVII	452254	452454	protein_coding+	1.46
chrVII	454635	454835	protein_coding+	0.805
chrVII	457720	457920	protein_coding-	0
chrVII	458006	458206	protein_coding+	0
chrVII	459514	459714	protein_coding-	0
chrVII	459704	459904	protein_coding+	0
chrVII	461516	461716	protein_coding+	0
chrVII	465285	465485	protein_coding-	0
chrVII	465991	466191	protein_coding+	0.42
chrVII	466248	466448	protein_coding-	0.085
chrVII	472148	472348	protein_coding-	0
chrVII	472705	472905	protein_coding+	0
chrVII	475097	475297	protein_coding-	0
chrVII	475395	475595	protein_coding+	0
chrVII	478502	478702	protein_coding-	0
chrVII	482516	482716	protein_coding-	100.69
chrVII	482877	483077	protein_coding-	8.095
chrVII	483110	483310	protein_coding+	0
chrVII	485273	485473	protein_coding+	0
chrVII	485771	485971	protein_coding+	0
chrVII	490397	490597	protein_coding-	0
chrVII	491806	492006	protein_coding-	0
chrVII	494024	494224	protein_coding-	0
chrVII	494367	494567	protein_coding+	0.005
chrVII	496352	496552	protein_coding-	0
chrVII	497884	498084	protein_coding-	0
chrVII	499756	499956	protein_coding-	0
chrVII	499982	500182	protein_coding+	0
chrVII	502788	502988	protein_coding+	0
chrVII	505709	505909	protein_coding-	0
chrVII	505920	506120	protein_coding+	0
chrVII	506819	507019	protein_coding+	1.37
chrVII	508214	508414	protein_coding-	8.56
chrVII	510852	511052	protein_coding-	0
chrVII	511395	511595	protein_coding+	0
chrVII	512347	512547	protein_coding+	0
chrVII	513009	513209	protein_coding+	0
chrVII	514404	514604	protein_coding+	0
chrVII	516793	516993	protein_coding+	1.695
chrVII	521926	522126	protein_coding-	0
chrVII	522111	522311	protein_coding+	0
chrVII	523637	523837	protein_coding+	0
chrVII	524544	524744	protein_coding-	0
chrVII	525079	525279	protein_coding+	0
chrVII	527179	527379	protein_coding-	0
chrVII	527482	527682	protein_coding+	0
chrVII	529114	529314	protein_coding+	0
chrVII	529436	529636	protein_coding-	0
chrVII	531460	531660	tRNA+	0
chrVII	531563	531763	trna+	0
chrVII	532446	532646	protein_coding-	0
chrVII	532489	532689	protein_coding+	0
chrVII	532835	533035	protein_coding+	0
chrVII	534308	534508	protein_coding-	36.015
chrVII	535907	536107	transposable_element+	0
chrVII	541700	541900	tRNA+	6.475
chrVII	541799	541999	trna+	1.08
chrVII	542053	542253	protein_coding+	0
chrVII	543403	543603	protein_coding+	0.105
chrVII	544494	544694	trna-	0
chrVII	544498	544698	tRNA-	0
chrVII	545220	545420	snoRNA+	30.9
chrVII	545319	545519	snorna+	28.955
chrVII	546007	546207	protein_coding-	0
chrVII	546291	546491	protein_coding+	0
chrVII	547150	547350	protein_coding-	0
chrVII	548114	548314	protein_coding+	0
chrVII	554817	555017	protein_coding-	0
chrVII	555662	555862	protein_coding+	1.655
chrVII	557272	557472	protein_coding-	1.655
chrVII	557415	557615	protein_coding+	0.66
chrVII	558718	558918	protein_coding-	0
chrVII	559844	560044	protein_coding-	6.06
chrVII	560532	560732	protein_coding+	0.91
chrVII	561593	561793	tRNA-	0.555
chrVII	567317	567517	transposable_element-	0
chrVII	574738	574938	protein_coding+	0
chrVII	575248	575448	protein_coding+	0.33
chrVII	577337	577537	protein_coding+	0.405
chrVII	579326	579526	protein_coding+	0.03
chrVII	581286	581486	protein_coding-	0
chrVII	583742	583942	protein_coding-	0
chrVII	584146	584346	protein_coding-	0
chrVII	584745	584945	protein_coding+	0.12
chrVII	589319	589519	protein_coding-	0
chrVII	589676	589876	protein_coding+	0
chrVII	591164	591364	protein_coding+	0
chrVII	592292	592492	protein_coding-	0
chrVII	593079	593279	protein_coding-	0
chrVII	593446	593646	protein_coding+	0
chrVII	595687	595887	protein_coding-	0
chrVII	596543	596743	protein_coding+	0
chrVII	599267	599467	protein_coding+	6.51
chrVII	601511	601711	protein_coding+	0
chrVII	605351	605551	protein_coding-	0
chrVII	605986	606186	protein_coding+	0
chrVII	607413	607613	protein_coding+	0
chrVII	609434	609634	snoRNA+	43.78
chrVII	609533	609733	snorna+	44.54
chrVII	610414	610614	protein_coding+	3.45
chrVII	615815	616015	protein_coding-	0
chrVII	617128	617328	protein_coding-	2.18
chrVII	617471	617671	protein_coding+	2.785
chrVII	617674	617874	protein_coding-	8.48
chrVII	619708	619908	protein_coding-	0
chrVII	621649	621849	protein_coding-	0
chrVII	624636	624836	protein_coding-	0
chrVII	626144	626344	protein_coding+	0
chrVII	626933	627133	protein_coding+	0
chrVII	626934	627134	protein_coding-	0
chrVII	627656	627856	protein_coding+	0
chrVII	633913	634113	protein_coding-	0
chrVII	634154	634354	protein_coding+	0
chrVII	635562	635762	protein_coding+	0.87
chrVII	635836	636036	protein_coding-	2.55
chrVII	636725	636925	protein_coding-	0
chrVII	637427	637627	protein_coding-	0
chrVII	639363	639563	protein_coding-	1.72
chrVII	640221	640421	protein_coding-	0.4
chrVII	640570	640770	protein_coding+	0
chrVII	641860	642060	protein_coding+	2.375
chrVII	643630	643830	protein_coding-	0
chrVII	643894	644094	protein_coding+	0
chrVII	646665	646865	protein_coding-	0
chrVII	647992	648192	protein_coding-	13.54
chrVII	648757	648957	protein_coding-	40.58
chrVII	650467	650667	protein_coding-	11.43
chrVII	650804	651004	srna+	0
chrVII	652831	653031	protein_coding-	0
chrVII	654484	654684	protein_coding+	0
chrVII	656810	657010	protein_coding+	0
chrVII	660036	660236	srna+	0
chrVII	661599	661799	tRNA+	0
chrVII	661698	661898	trna+	0
chrVII	662208	662408	protein_coding+	0.085
chrVII	666191	666391	protein_coding+	0.18
chrVII	668039	668239	protein_coding+	0
chrVII	670238	670438	protein_coding+	0
chrVII	672036	672236	protein_coding+	0.05
chrVII	676192	676392	protein_coding-	0
chrVII	676471	676671	protein_coding+	0
chrVII	678545	678745	protein_coding+	0
chrVII	687308	687508	protein_coding-	0
chrVII	687749	687949	protein_coding+	0
chrVII	690095	690295	protein_coding+	0
chrVII	693213	693413	protein_coding+	0.56
chrVII	694985	695185	protein_coding-	0
chrVII	695267	695467	protein_coding+	0
chrVII	698218	698418	protein_coding-	0
chrVII	698449	698649	protein_coding+	0
chrVII	699636	699836	protein_coding-	0
chrVII	700525	700725	tRNA+	3.575
chrVII	700624	700824	trna+	0.21
chrVII	700898	701098	tRNA-	0
chrVII	702517	702717	protein_coding+	0.385
chrVII	703486	703686	protein_coding+	10.41
chrVII	706351	706551	protein_coding-	0
chrVII	707029	707229	tRNA-	0
chrVII	707460	707660	transposable_element+	0
chrVII	713559	713759	protein_coding+	0
chrVII	715678	715878	protein_coding+	0
chrVII	717208	717408	protein_coding+	0
chrVII	718743	718943	protein_coding+	0.42
chrVII	720259	720459	protein_coding+	0.65
chrVII	720504	720704	protein_coding-	0
chrVII	721001	721201	protein_coding-	0
chrVII	726329	726529	protein_coding-	0
chrVII	726824	727024	protein_coding+	9.46
chrVII	729521	729721	protein_coding-	2.16
chrVII	730671	730871	protein_coding-	0
chrVII	730987	731187	tRNA+	0.42
chrVII	731086	731286	trna+	1.02
chrVII	732777	732977	protein_coding-	1.75
chrVII	733262	733462	protein_coding+	0
chrVII	733785	733985	protein_coding+	0
chrVII	735608	735808	protein_coding-	0
chrVII	736190	736390	tRNA+	0
chrVII	736289	736489	trna+	0
chrVII	738053	738253	protein_coding-	0
chrVII	738972	739172	tRNA+	2.57
chrVII	739071	739271	trna+	0
chrVII	739794	739994	protein_coding+	1.08
chrVII	742175	742375	protein_coding+	0
chrVII	745685	745885	protein_coding+	0
chrVII	746648	746848	protein_coding+	0.08
chrVII	749941	750141	protein_coding-	0
chrVII	750250	750450	protein_coding+	0
chrVII	753694	753894	protein_coding-	1.01
chrVII	754576	754776	protein_coding+	0
chrVII	756302	756502	protein_coding-	2.915
chrVII	756746	756946	protein_coding+	0
chrVII	757620	757820	protein_coding+	0
chrVII	761242	761442	protein_coding+	2.68
chrVII	762278	762478	protein_coding+	5.25
chrVII	762738	762938	protein_coding+	0.89
chrVII	765456	765656	protein_coding-	0.15
chrVII	765576	765776	protein_coding+	0.03
chrVII	767279	767479	protein_coding+	0
chrVII	770419	770619	protein_coding+	0
chrVII	772304	772504	protein_coding+	0
chrVII	774199	774399	tRNA+	0
chrVII	774298	774498	trna+	0
chrVII	775043	775243	protein_coding+	0.195
chrVII	779466	779666	tRNA+	0
chrVII	779565	779765	trna+	0
chrVII	780249	780449	protein_coding+	0
chrVII	781617	781817	protein_coding+	0
chrVII	784708	784908	protein_coding-	0.26
chrVII	785287	785487	protein_coding-	0
chrVII	786770	786970	protein_coding-	0
chrVII	787629	787829	protein_coding-	13.83
chrVII	788881	789081	protein_coding+	0
chrVII	792903	793103	protein_coding-	0
chrVII	794267	794467	tRNA+	0
chrVII	794366	794566	trna+	0
chrVII	794840	795040	protein_coding-	0
chrVII	795342	795542	protein_coding-	0
chrVII	795942	796142	protein_coding+	0
chrVII	797718	797918	protein_coding-	0
chrVII	798393	798593	protein_coding+	10.21
chrVII	800396	800596	protein_coding+	0.04
chrVII	802290	802490	protein_coding+	0
chrVII	805871	806071	protein_coding-	0
chrVII	806923	807123	protein_coding+	28.015
chrVII	807506	807706	protein_coding-	5.84
chrVII	809270	809470	protein_coding-	2.62
chrVII	810077	810277	protein_coding+	0
chrVII	811588	811788	transposable_element+	0
chrVII	822865	823065	transposable_element-	0
chrVII	823332	823532	tRNA+	0.36
chrVII	823431	823631	trna+	0.36
chrVII	823909	824109	protein_coding+	3.635
chrVII	827402	827602	protein_coding+	0
chrVII	828475	828675	protein_coding+	0.725
chrVII	828644	828844	tRNA-	0.405
chrVII	828966	829166	protein_coding+	0
chrVII	830365	830565	protein_coding+	0
chrVII	832306	832506	protein_coding+	0.945
chrVII	834332	834532	protein_coding-	0
chrVII	835753	835953	protein_coding-	0.315
chrVII	836515	836715	protein_coding-	4.72
chrVII	836992	837192	protein_coding+	0
chrVII	842401	842601	protein_coding-	0
chrVII	843441	843641	protein_coding-	0
chrVII	843704	843904	protein_coding+	0
chrVII	845499	845699	tRNA+	0
chrVII	845598	845798	trna+	2.375
chrVII	846255	846455	protein_coding-	0
chrVII	846505	846705	protein_coding+	0
chrVII	848273	848473	protein_coding-	8.57
chrVII	848570	848770	protein_coding+	0
chrVII	850286	850486	protein_coding-	0
chrVII	853065	853265	protein_coding-	0
chrVII	854745	854945	protein_coding-	0
chrVII	856151	856351	protein_coding-	0
chrVII	857341	857541	tRNA-	0
chrVII	858137	858337	protein_coding+	0
chrVII	858754	858954	protein_coding-	9.54
chrVII	859326	859526	protein_coding-	17.94
chrVII	865603	865803	protein_coding-	0
chrVII	867370	867570	protein_coding-	11.43
chrVII	867624	867824	protein_coding+	0
chrVII	871266	871466	protein_coding-	0
chrVII	874959	875159	protein_coding-	0
chrVII	876244	876444	tRNA+	0
chrVII	876343	876543	trna+	0
chrVII	878042	878242	protein_coding-	1.6
chrVII	878665	878865	tRNA-	0
chrVII	880270	880470	protein_coding+	0
chrVII	880511	880711	protein_coding-	0
chrVII	883660	883860	protein_coding-	300.085
chrVII	885591	885791	protein_coding-	0
chrVII	887725	887925	protein_coding-	0
chrVII	888732	888932	protein_coding+	0
chrVII	892036	892236	protein_coding-	0
chrVII	893990	894190	protein_coding-	2.405
chrVII	894543	894743	protein_coding+	0.095
chrVII	897352	897552	protein_coding+	0
chrVII	902120	902320	protein_coding-	0
chrVII	903047	903247	protein_coding-	0
chrVII	904598	904798	protein_coding-	1.36
chrVII	905087	905287	protein_coding+	0
chrVII	905784	905984	protein_coding+	2.735
chrVII	909024	909224	protein_coding-	0
chrVII	909063	909263	protein_coding+	0
chrVII	910282	910482	protein_coding+	0
chrVII	911478	911678	protein_coding-	0
chrVII	911733	911933	protein_coding+	0
chrVII	913077	913277	protein_coding-	4.535
chrVII	914588	914788	protein_coding-	0
chrVII	915091	915291	protein_coding+	0
chrVII	916890	917090	protein_coding+	0
chrVII	919315	919515	protein_coding-	0
chrVII	920425	920625	protein_coding+	12.035
chrVII	922025	922225	protein_coding+	1.065
chrVII	924312	924512	protein_coding-	0
chrVII	924546	924746	protein_coding+	0
chrVII	930873	931073	tRNA-	0
chrVII	932391	932591	protein_coding+	0.095
chrVII	935885	936085	protein_coding+	0
chrVII	936733	936933	protein_coding-	0
chrVII	938842	939042	protein_coding-	0.7
chrVII	939522	939722	snRNA-	140.075
chrVII	939773	939973	protein_coding+	0.785
chrVII	942065	942265	protein_coding-	0
chrVII	942656	942856	protein_coding+	0
chrVII	944995	945195	protein_coding+	0
chrVII	946851	947051	protein_coding-	0
chrVII	947270	947470	protein_coding+	0
chrVII	949215	949415	protein_coding+	0
chrVII	950749	950949	protein_coding-	0.04
chrVII	951744	951944	protein_coding+	0
chrVII	953330	953530	protein_coding-	1.28
chrVII	953810	954010	protein_coding+	0
chrVII	958060	958260	protein_coding-	0
chrVII	959754	959954	protein_coding+	23.63
chrVII	961911	962111	protein_coding-	0
chrVII	962667	962867	protein_coding-	0
chrVII	965505	965705	protein_coding-	0
chrVII	968537	968737	protein_coding-	0
chrVII	969903	970103	protein_coding-	0
chrVII	973584	973784	protein_coding-	2.7
chrVII	974627	974827	protein_coding-	0.025
chrVII	976265	976465	protein_coding+	0
chrVII	976431	976631	protein_coding-	0
chrVII	977186	977386	protein_coding+	0
chrVII	979169	979369	protein_coding-	0
chrVII	981918	982118	protein_coding-	0
chrVII	984122	984322	protein_coding-	0
chrVII	984816	985016	protein_coding+	0
chrVII	985822	986022	protein_coding+	0
chrVII	987899	988099	protein_coding+	0
chrVII	993371	993571	protein_coding-	0
chrVII	995489	995689	protein_coding+	0
chrVII	996719	996919	protein_coding+	1.33
chrVII	998990	999190	protein_coding-	0.59
chrVII	1000777	1000977	protein_coding+	14.445
chrVII	1003812	1004012	protein_coding-	0
chrVII	1004066	1004266	tRNA+	0
chrVII	1004165	1004365	trna+	0
chrVII	1004474	1004674	protein_coding+	0
chrVII	1007155	1007355	protein_coding-	0
chrVII	1010616	1010816	protein_coding-	0
chrVII	1012335	1012535	protein_coding+	0.005
chrVII	1012771	1012971	protein_coding-	0.43
chrVII	1016600	1016800	protein_coding-	0
chrVII	1017609	1017809	protein_coding-	0
chrVII	1019091	1019291	protein_coding-	0
chrVII	1021498	1021698	protein_coding+	0.31
chrVII	1021703	1021903	protein_coding-	0
chrVII	1022506	1022706	protein_coding+	0
chrVII	1025585	1025785	protein_coding-	6.815
chrVII	1026486	1026686	protein_coding+	1.6
chrVII	1026503	1026703	protein_coding-	1.6
chrVII	1027220	1027420	protein_coding+	0.165
chrVII	1027450	1027650	protein_coding-	0.22
chrVII	1031641	1031841	protein_coding+	0
chrVII	1038351	1038551	protein_coding-	0
chrVII	1039089	1039289	protein_coding-	0
chrVII	1042945	1043145	protein_coding-	0
chrVII	1043126	1043326	protein_coding+	0
chrVII	1045330	1045530	protein_coding-	0
chrVII	1046411	1046611	protein_coding-	0
chrVII	1046581	1046781	protein_coding+	0
chrVII	1049808	1050008	protein_coding-	19.425
chrVII	1051575	1051775	protein_coding-	0
chrVII	1052674	1052874	protein_coding+	0
chrVII	1058574	1058774	protein_coding-	35.3
chrVII	1059890	1060090	protein_coding-	0
chrVII	1061440	1061640	protein_coding-	0.32
chrVII	1063003	1063203	protein_coding-	1.095
chrVII	1064790	1064990	protein_coding-	0
chrVII	1068841	1069041	protein_coding-	0
chrVII	1070143	1070343	protein_coding+	0
chrVII	1075332	1075532	protein_coding+	0
chrVII	1075663	1075863	protein_coding-	0
chrVII	1076354	1076554	protein_coding-	0
chrVII	1076449	1076649	protein_coding+	0
chrVII	1080156	1080356	protein_coding+	0
chrVII	1080196	1080396	protein_coding-	0
chrVII	1082579	1082779	protein_coding-	0
chrVII	1084714	1084914	protein_coding+	0
chrVII	1089295	1089495	protein_coding-	0
chrVII	1090078	1090278	protein_coding-	0
chrVIII	661	861	protein_coding+	0
chrVIII	3161	3361	protein_coding-	0
chrVIII	4391	4591	protein_coding-	0
chrVIII	5647	5847	protein_coding-	0
chrVIII	6251	6451	protein_coding+	0
chrVIII	9831	10031	protein_coding+	0
chrVIII	10063	10263	protein_coding-	0
chrVIII	12135	12335	protein_coding-	0
chrVIII	12352	12552	protein_coding+	0
chrVIII	13415	13615	protein_coding+	0
chrVIII	14751	14951	protein_coding+	0
chrVIII	15517	15717	protein_coding+	0
chrVIII	17242	17442	protein_coding+	0
chrVIII	20821	21021	protein_coding-	0.15
chrVIII	21633	21833	protein_coding+	0
chrVIII	25359	25559	protein_coding-	0
chrVIII	26029	26229	protein_coding-	0
chrVIII	26091	26291	protein_coding+	0
chrVIII	32606	32806	protein_coding-	0
chrVIII	33026	33226	protein_coding+	0
chrVIII	33927	34127	protein_coding-	0
chrVIII	35875	36075	protein_coding-	32.76
chrVIII	38358	38558	protein_coding-	0
chrVIII	38924	39124	protein_coding+	0
chrVIII	39336	39536	protein_coding-	0
chrVIII	39934	40134	protein_coding+	0
chrVIII	47818	48018	protein_coding-	0.365
chrVIII	48613	48813	protein_coding+	1.385
chrVIII	50961	51161	protein_coding+	0
chrVIII	54016	54216	protein_coding-	0
chrVIII	54701	54901	protein_coding+	1.75
chrVIII	56499	56699	protein_coding+	0
chrVIII	62413	62613	protein_coding-	0
chrVIII	62605	62805	tRNA+	0
chrVIII	62704	62904	trna+	0
chrVIII	64007	64207	protein_coding-	0
chrVIII	65709	65909	protein_coding-	0
chrVIII	67306	67506	protein_coding-	2.59
chrVIII	67561	67761	protein_coding+	0.08
chrVIII	69398	69598	protein_coding-	0
chrVIII	69558	69758	protein_coding+	0
chrVIII	70126	70326	protein_coding+	0
chrVIII	74094	74294	protein_coding-	1.885
chrVIII	74549	74749	protein_coding+	0
chrVIII	75262	75462	protein_coding+	12.45
chrVIII	77164	77364	protein_coding-	0
chrVIII	78203	78403	protein_coding-	0
chrVIII	78786	78986	protein_coding+	0
chrVIII	81466	81666	protein_coding-	5.795
chrVIII	83571	83771	protein_coding-	0
chrVIII	84910	85110	protein_coding-	0
chrVIII	85221	85421	tRNA-	0
chrVIII	85759	85959	transposable_element+	0
chrVIII	94360	94560	protein_coding-	0
chrVIII	97582	97782	protein_coding+	0.28
chrVIII	97787	97987	protein_coding-	2.625
chrVIII	98645	98845	protein_coding-	4.21
chrVIII	99069	99269	protein_coding+	0
chrVIII	99070	99270	protein_coding-	0
chrVIII	101733	101933	protein_coding-	0
chrVIII	102462	102662	protein_coding+	0
chrVIII	102925	103125	protein_coding-	0
chrVIII	104127	104327	protein_coding+	11.78
chrVIII	105905	106105	protein_coding+	0
chrVIII	107676	107876	protein_coding+	0
chrVIII	108662	108862	protein_coding+	0
chrVIII	111167	111367	protein_coding-	0
chrVIII	112944	113144	protein_coding-	0
chrVIII	114767	114967	protein_coding-	0.025
chrVIII	115751	115951	protein_coding-	16.55
chrVIII	116029	116229	tRNA-	1.19
chrVIII	117664	117864	protein_coding+	0
chrVIII	121533	121733	protein_coding-	6.995
chrVIII	122615	122815	protein_coding-	0
chrVIII	123440	123640	protein_coding-	0
chrVIII	125530	125730	protein_coding-	0
chrVIII	126371	126571	protein_coding+	0
chrVIII	127630	127830	protein_coding+	0.025
chrVIII	129331	129531	protein_coding+	0
chrVIII	131296	131496	protein_coding-	0
chrVIII	131897	132097	protein_coding+	0
chrVIII	132957	133157	tRNA-	0
chrVIII	134171	134371	tRNA+	0
chrVIII	134270	134470	trna+	0
chrVIII	134404	134604	protein_coding+	0
chrVIII	138305	138505	protein_coding-	0
chrVIII	138544	138744	protein_coding+	0
chrVIII	141252	141452	protein_coding-	1.87
chrVIII	143408	143608	protein_coding-	0
chrVIII	143846	144046	protein_coding+	0
chrVIII	146164	146364	tRNA-	0.075
chrVIII	148519	148719	protein_coding-	0
chrVIII	149075	149275	protein_coding+	0
chrVIII	150195	150395	protein_coding-	0
chrVIII	151156	151356	protein_coding-	0
chrVIII	151516	151716	protein_coding+	0
chrVIII	159042	159242	protein_coding-	0.145
chrVIII	159288	159488	protein_coding+	0
chrVIII	160694	160894	protein_coding+	1.775
chrVIII	164561	164761	protein_coding-	0.15
chrVIII	167202	167402	protein_coding+	0
chrVIII	167284	167484	protein_coding-	0
chrVIII	168411	168611	protein_coding-	0
chrVIII	170194	170394	protein_coding-	0.45
chrVIII	172820	173020	protein_coding-	0
chrVIII	173194	173394	protein_coding+	0
chrVIII	175045	175245	protein_coding+	0
chrVIII	175244	175444	protein_coding-	0
chrVIII	175398	175598	protein_coding+	0.03
chrVIII	177849	178049	protein_coding-	0
chrVIII	178069	178269	protein_coding+	0
chrVIII	180195	180395	protein_coding+	1.115
chrVIII	181827	182027	protein_coding+	0.27
chrVIII	183916	184116	protein_coding+	0
chrVIII	186659	186859	protein_coding-	0
chrVIII	187529	187729	protein_coding-	1.655
chrVIII	187774	187974	protein_coding+	0
chrVIII	189714	189914	protein_coding-	0
chrVIII	190393	190593	protein_coding+	0
chrVIII	193395	193595	protein_coding-	0
chrVIII	194658	194858	protein_coding-	0
chrVIII	195401	195601	protein_coding+	0
chrVIII	198135	198335	protein_coding-	0
chrVIII	201160	201360	protein_coding-	0
chrVIII	204457	204657	protein_coding+	0
chrVIII	206312	206512	protein_coding+	0
chrVIII	207380	207580	protein_coding-	0
chrVIII	207504	207704	protein_coding+	0
chrVIII	209325	209525	protein_coding+	2.025
chrVIII	209555	209755	protein_coding+	0
chrVIII	210698	210898	protein_coding+	0
chrVIII	212309	212509	ncRNA+	0
chrVIII	212358	212558	srna+	0
chrVIII	212570	212770	protein_coding-	0
chrVIII	214099	214299	protein_coding-	54.06
chrVIII	214307	214507	ncRNA+	15.125
chrVIII	214356	214556	srna+	8.7
chrVIII	214568	214768	protein_coding-	0
chrVIII	217256	217456	protein_coding+	0
chrVIII	217684	217884	protein_coding-	0
chrVIII	218693	218893	protein_coding-	0
chrVIII	219734	219934	protein_coding-	0
chrVIII	219958	220158	protein_coding+	0
chrVIII	220575	220775	protein_coding+	0
chrVIII	222328	222528	protein_coding-	0.44
chrVIII	223608	223808	protein_coding-	0
chrVIII	225019	225219	protein_coding-	0
chrVIII	225292	225492	protein_coding+	0
chrVIII	226991	227191	protein_coding-	0.015
chrVIII	228887	229087	protein_coding-	0
chrVIII	229185	229385	protein_coding+	0
chrVIII	230820	231020	protein_coding+	0.23
chrVIII	231983	232183	protein_coding+	0.075
chrVIII	234508	234708	protein_coding-	0.03
chrVIII	234731	234931	protein_coding+	0
chrVIII	235086	235286	protein_coding-	0
chrVIII	236362	236562	protein_coding-	0
chrVIII	236854	237054	protein_coding+	0
chrVIII	237789	237989	tRNA-	0.21
chrVIII	238948	239148	protein_coding+	0
chrVIII	239080	239280	protein_coding-	0
chrVIII	241514	241714	protein_coding+	3.655
chrVIII	242432	242632	protein_coding+	0
chrVIII	242718	242918	protein_coding+	0
chrVIII	245352	245552	protein_coding-	0
chrVIII	246043	246243	protein_coding+	0
chrVIII	249491	249691	protein_coding-	0
chrVIII	250951	251151	protein_coding+	0
chrVIII	255606	255806	protein_coding-	0
chrVIII	256210	256410	protein_coding+	0
chrVIII	261441	261641	protein_coding-	0
chrVIII	262403	262603	protein_coding-	0
chrVIII	266688	266888	protein_coding-	0
chrVIII	267388	267588	protein_coding+	0
chrVIII	271398	271598	protein_coding-	0
chrVIII	272477	272677	protein_coding+	0
chrVIII	274024	274224	protein_coding+	0
chrVIII	276614	276814	protein_coding+	0
chrVIII	278003	278203	protein_coding+	0
chrVIII	280081	280281	protein_coding+	0
chrVIII	280670	280870	protein_coding+	0.085
chrVIII	281345	281545	protein_coding+	0
chrVIII	283148	283348	protein_coding-	2.38
chrVIII	284475	284675	protein_coding-	0
chrVIII	286620	286820	protein_coding-	0
chrVIII	288661	288861	protein_coding-	0
chrVIII	288992	289192	protein_coding+	0
chrVIII	292475	292675	protein_coding-	13.375
chrVIII	292793	292993	protein_coding+	0
chrVIII	296297	296497	protein_coding-	0
chrVIII	298459	298659	protein_coding-	0
chrVIII	301784	301984	protein_coding-	1.155
chrVIII	302611	302811	protein_coding+	0
chrVIII	314523	314723	protein_coding-	0
chrVIII	315818	316018	protein_coding-	0
chrVIII	316422	316622	protein_coding+	0
chrVIII	320264	320464	protein_coding+	0
chrVIII	323259	323459	protein_coding+	0
chrVIII	324616	324816	protein_coding+	0
chrVIII	325448	325648	protein_coding+	0
chrVIII	327886	328086	protein_coding-	0.15
chrVIII	328153	328353	protein_coding+	0.2
chrVIII	330160	330360	protein_coding+	0
chrVIII	332132	332332	protein_coding+	0
chrVIII	332922	333122	protein_coding+	2.065
chrVIII	335513	335713	protein_coding-	0.845
chrVIII	336187	336387	protein_coding+	0
chrVIII	337933	338133	protein_coding+	0
chrVIII	341209	341409	protein_coding-	0.515
chrVIII	341515	341715	protein_coding+	0
chrVIII	342199	342399	protein_coding+	1.035
chrVIII	345478	345678	protein_coding-	0
chrVIII	345893	346093	protein_coding+	0
chrVIII	349424	349624	protein_coding+	0
chrVIII	352606	352806	protein_coding+	0
chrVIII	353475	353675	protein_coding+	0
chrVIII	354665	354865	protein_coding+	0
chrVIII	356411	356611	protein_coding+	0
chrVIII	358419	358619	tRNA-	0
chrVIII	358708	358908	protein_coding+	0
chrVIII	360031	360231	protein_coding-	0
chrVIII	360763	360963	protein_coding+	0
chrVIII	361965	362165	protein_coding+	15.32
chrVIII	364003	364203	protein_coding-	0
chrVIII	365150	365350	protein_coding-	0
chrVIII	367597	367797	protein_coding+	0
chrVIII	367742	367942	protein_coding-	0
chrVIII	369644	369844	protein_coding-	0
chrVIII	369904	370104	protein_coding+	0
chrVIII	371447	371647	protein_coding-	0
chrVIII	371599	371799	protein_coding+	0
chrVIII	374160	374360	protein_coding-	1.32
chrVIII	374950	375150	protein_coding-	0
chrVIII	375559	375759	protein_coding+	0
chrVIII	376238	376438	protein_coding-	0
chrVIII	377549	377749	protein_coding-	0
chrVIII	378203	378403	srna+	0
chrVIII	379049	379249	protein_coding-	0
chrVIII	380269	380469	protein_coding-	0
chrVIII	380422	380622	protein_coding+	0
chrVIII	381390	381590	snoRNA+	36.245
chrVIII	381489	381689	snorna+	55.98
chrVIII	382601	382801	protein_coding-	0
chrVIII	383388	383588	protein_coding+	0
chrVIII	385360	385560	protein_coding+	5.615
chrVIII	387083	387283	protein_coding+	0
chrVIII	388576	388776	protein_coding-	0
chrVIII	388845	389045	tRNA-	0
chrVIII	389187	389387	protein_coding-	0
chrVIII	390150	390350	protein_coding+	0
chrVIII	393133	393333	protein_coding-	0
chrVIII	393384	393584	protein_coding+	0
chrVIII	396509	396709	protein_coding-	0.03
chrVIII	397101	397301	protein_coding+	0
chrVIII	400698	400898	protein_coding-	0
chrVIII	401284	401484	protein_coding+	0.03
chrVIII	402532	402732	protein_coding-	0
chrVIII	402816	403016	protein_coding+	0
chrVIII	406953	407153	protein_coding+	0
chrVIII	411078	411278	snoRNA+	84.215
chrVIII	411176	411376	snorna+	74.375
chrVIII	412256	412456	protein_coding-	0
chrVIII	412757	412957	protein_coding+	0
chrVIII	417029	417229	protein_coding-	0
chrVIII	417399	417599	protein_coding+	0
chrVIII	419922	420122	protein_coding-	0
chrVIII	422136	422336	protein_coding-	0
chrVIII	422922	423122	protein_coding+	27.15
chrVIII	423574	423774	protein_coding+	22.59
chrVIII	429028	429228	protein_coding-	0
chrVIII	436497	436697	protein_coding+	0
chrVIII	436798	436998	protein_coding-	0
chrVIII	438900	439100	protein_coding-	0
chrVIII	439192	439392	protein_coding+	0
chrVIII	440227	440427	protein_coding+	0
chrVIII	442031	442231	protein_coding+	0
chrVIII	443678	443878	protein_coding+	0
chrVIII	445563	445763	protein_coding+	0
chrVIII	448185	448385	protein_coding+	0
chrVIII	451003	451203	protein_coding-	3.34
chrVIII	451177	451377	protein_coding+	100.6
chrVIII	452722	452922	protein_coding+	116.745
chrVIII	453408	453608	protein_coding+	0
chrVIII	454079	454279	protein_coding+	0
chrVIII	456441	456641	protein_coding+	0
chrVIII	459149	459349	protein_coding+	0
chrVIII	462352	462552	protein_coding+	0.625
chrVIII	465028	465228	protein_coding+	0
chrVIII	466811	467011	protein_coding+	0
chrVIII	466912	467112	protein_coding-	0
chrVIII	466939	467139	trna+	0
chrVIII	467078	467278	protein_coding+	0
chrVIII	468069	468269	protein_coding+	0
chrVIII	470810	471010	protein_coding+	24.59
chrVIII	471262	471462	protein_coding-	50.73
chrVIII	472594	472794	protein_coding+	1.005
chrVIII	475190	475390	protein_coding-	0
chrVIII	475628	475828	tRNA-	0
chrVIII	480522	480722	protein_coding-	0
chrVIII	480840	481040	protein_coding+	0
chrVIII	483687	483887	protein_coding-	0
chrVIII	483878	484078	protein_coding+	0
chrVIII	484695	484895	protein_coding+	2.39
chrVIII	486481	486681	protein_coding-	0
chrVIII	486676	486876	protein_coding+	0
chrVIII	488086	488286	protein_coding-	6.675
chrVIII	488507	488707	protein_coding+	0
chrVIII	488877	489077	protein_coding-	0
chrVIII	490597	490797	protein_coding+	0
chrVIII	491781	491981	protein_coding+	4.83
chrVIII	493746	493946	protein_coding+	0
chrVIII	497130	497330	protein_coding-	0.515
chrVIII	498272	498472	protein_coding-	0.455
chrVIII	498709	498909	protein_coding-	0.095
chrVIII	498929	499129	protein_coding+	0
chrVIII	500993	501193	protein_coding-	0
chrVIII	502238	502438	protein_coding+	0
chrVIII	505380	505580	protein_coding-	6.455
chrVIII	506169	506369	protein_coding+	0
chrVIII	509213	509413	protein_coding+	0
chrVIII	512582	512782	protein_coding+	0
chrVIII	516335	516535	protein_coding-	0
chrVIII	517382	517582	protein_coding+	15.095
chrVIII	519287	519487	protein_coding+	0
chrVIII	521587	521787	protein_coding-	0
chrVIII	525242	525442	protein_coding+	0
chrVIII	537944	538144	protein_coding-	0
chrVIII	538592	538792	protein_coding+	0
chrVIII	539001	539201	protein_coding+	0
chrVIII	540399	540599	protein_coding+	0
chrVIII	540650	540850	protein_coding+	0
chrVIII	541501	541701	protein_coding+	0
chrVIII	542858	543058	protein_coding+	0
chrVIII	549196	549396	transposable_element-	0
chrVIII	550791	550991	protein_coding-	0
chrVIII	551349	551549	protein_coding-	0
chrVIII	551949	552149	protein_coding+	0
chrVIII	554246	554446	protein_coding+	65.825
chrVIII	556892	557092	protein_coding-	0
chrVIII	557864	558064	protein_coding+	0
chrVIII	559782	559982	protein_coding+	0
chrVIII	560023	560223	protein_coding+	0
chrVIII	561531	561731	protein_coding-	0
chrX	679	879	protein_coding+	0
chrX	5980	6180	protein_coding-	0
chrX	8988	9188	protein_coding-	0
chrX	9249	9449	protein_coding+	0
chrX	11325	11525	protein_coding+	0
chrX	18093	18293	protein_coding+	0
chrX	18386	18586	protein_coding-	0
chrX	19347	19547	protein_coding+	0
chrX	21823	22023	protein_coding+	0
chrX	22983	23183	protein_coding+	0
chrX	25936	26136	protein_coding-	0
chrX	26621	26821	protein_coding-	0
chrX	26737	26937	protein_coding+	0
chrX	32013	32213	protein_coding+	0
chrX	36099	36299	protein_coding-	7.79
chrX	36769	36969	protein_coding+	0
chrX	37050	37250	protein_coding-	0
chrX	37855	38055	protein_coding+	0.43
chrX	41033	41233	protein_coding-	0.325
chrX	47283	47483	protein_coding-	0
chrX	49785	49985	protein_coding-	0
chrX	50293	50493	protein_coding-	0
chrX	53001	53201	protein_coding-	0
chrX	53191	53391	protein_coding+	0
chrX	54140	54340	protein_coding-	2.57
chrX	54229	54429	protein_coding+	2.57
chrX	58663	58863	protein_coding-	0.32
chrX	59022	59222	tRNA-	0
chrX	60032	60232	protein_coding-	0
chrX	60694	60894	protein_coding+	0
chrX	63655	63855	protein_coding+	0
chrX	65936	66136	protein_coding-	0
chrX	68632	68832	protein_coding-	0
chrX	69188	69388	protein_coding+	0
chrX	69792	69992	protein_coding-	0
chrX	71216	71416	protein_coding+	0
chrX	73264	73464	protein_coding-	0
chrX	73637	73837	protein_coding+	5.62
chrX	75152	75352	protein_coding-	8.145
chrX	75783	75983	protein_coding+	0.27
chrX	76360	76560	protein_coding-	8.22
chrX	79112	79312	protein_coding-	0
chrX	80005	80205	protein_coding+	0
chrX	82826	83026	protein_coding-	0
chrX	83298	83498	protein_coding+	0
chrX	83918	84118	protein_coding+	0
chrX	85510	85710	protein_coding+	0
chrX	85602	85802	protein_coding-	0
chrX	88410	88610	protein_coding-	0
chrX	88637	88837	protein_coding+	0
chrX	89947	90147	protein_coding-	0
chrX	90636	90836	protein_coding+	16.06
chrX	93899	94099	protein_coding+	0
chrX	94380	94580	protein_coding-	0
chrX	94942	95142	protein_coding+	0.495
chrX	96379	96579	protein_coding-	0
chrX	97587	97787	protein_coding+	0
chrX	100744	100944	protein_coding-	0
chrX	101629	101829	protein_coding-	0
chrX	101949	102149	protein_coding+	0
chrX	104278	104478	protein_coding-	0
chrX	104864	105064	protein_coding+	0.605
chrX	106284	106484	protein_coding+	2.255
chrX	109311	109511	protein_coding-	0
chrX	111009	111209	protein_coding-	0
chrX	113183	113383	protein_coding-	0
chrX	115479	115679	protein_coding-	0
chrX	115860	116060	tRNA-	0
chrX	117095	117295	protein_coding+	0
chrX	118675	118875	protein_coding-	0
chrX	120299	120499	protein_coding+	12.61
chrX	122798	122998	protein_coding-	1.54
chrX	126178	126378	protein_coding-	0.135
chrX	126454	126654	protein_coding+	0
chrX	128802	129002	protein_coding-	0
chrX	130493	130693	protein_coding-	0
chrX	133785	133985	protein_coding-	0
chrX	135783	135983	protein_coding-	0
chrX	136024	136224	protein_coding+	0.495
chrX	136623	136823	protein_coding-	2.225
chrX	136973	137173	protein_coding+	0
chrX	137229	137429	protein_coding+	0
chrX	139541	139741	snoRNA-	196.815
chrX	139800	140000	snoRNA-	169.815
chrX	140287	140487	protein_coding+	0
chrX	142417	142617	protein_coding-	0
chrX	143142	143342	protein_coding+	0
chrX	145010	145210	protein_coding+	0
chrX	146209	146409	protein_coding+	0
chrX	146951	147151	protein_coding+	0
chrX	148061	148261	protein_coding-	0
chrX	150240	150440	protein_coding-	0
chrX	150811	151011	protein_coding+	2.27
chrX	152849	153049	protein_coding-	0
chrX	154541	154741	protein_coding-	0.755
chrX	155977	156177	protein_coding-	0
chrX	156019	156219	protein_coding+	0.215
chrX	157123	157323	protein_coding-	2.145
chrX	157727	157927	protein_coding+	0
chrX	158038	158238	protein_coding+	0
chrX	159697	159897	protein_coding-	2.825
chrX	160469	160669	protein_coding+	0.855
chrX	161764	161964	protein_coding+	0
chrX	165198	165398	protein_coding-	0
chrX	172217	172417	protein_coding-	0.755
chrX	177156	177356	protein_coding-	0
chrX	179953	180153	protein_coding-	0
chrX	180044	180244	protein_coding+	0
chrX	181559	181759	protein_coding-	3.15
chrX	184070	184270	protein_coding-	0
chrX	184351	184551	protein_coding+	0
chrX	186529	186729	protein_coding-	0
chrX	187494	187694	protein_coding-	0.59
chrX	189290	189490	protein_coding-	0
chrX	189566	189766	protein_coding+	0
chrX	190872	191072	protein_coding+	0
chrX	190940	191140	protein_coding-	0
chrX	191489	191689	protein_coding+	0
chrX	191745	191945	protein_coding-	0.085
chrX	192381	192581	protein_coding+	1.24
chrX	194723	194923	protein_coding-	0
chrX	196137	196337	protein_coding+	0
chrX	197235	197435	tRNA-	0.275
chrX	197765	197965	transposable_element+	0
chrX	198528	198728	transposable_element+	0
chrX	204585	204785	tRNA+	0
chrX	204688	204888	trna+	0
chrX	205155	205355	protein_coding+	0
chrX	207727	207927	protein_coding+	0.125
chrX	211427	211627	protein_coding-	0.96
chrX	217159	217359	protein_coding-	0
chrX	218706	218906	protein_coding-	0
chrX	219866	220066	protein_coding-	0
chrX	221240	221440	protein_coding+	0
chrX	224905	225105	protein_coding+	0
chrX	227177	227377	protein_coding+	0
chrX	228329	228529	snoRNA-	128.42
chrX	230731	230931	protein_coding-	0
chrX	231151	231351	protein_coding+	0
chrX	233789	233989	tRNA+	2.245
chrX	233888	234088	trna+	4.14
chrX	236206	236406	protein_coding-	0.63
chrX	237113	237313	protein_coding+	0.035
chrX	239264	239464	protein_coding+	0
chrX	241932	242132	protein_coding+	0
chrX	245441	245641	protein_coding+	0
chrX	246340	246540	protein_coding+	0.515
chrX	247105	247305	protein_coding+	0
chrX	254292	254492	protein_coding-	0
chrX	256662	256862	protein_coding-	0.78
chrX	257273	257473	protein_coding+	0
chrX	262402	262602	protein_coding-	0
chrX	264901	265101	protein_coding-	0
chrX	265776	265976	protein_coding+	0
chrX	268649	268849	protein_coding+	0
chrX	272335	272535	protein_coding-	0
chrX	272677	272877	protein_coding+	0
chrX	272696	272896	protein_coding-	0
chrX	277852	278052	protein_coding-	0
chrX	278691	278891	protein_coding+	0
chrX	281035	281235	protein_coding+	1.82
chrX	285121	285321	protein_coding-	0
chrX	289076	289276	protein_coding-	0
chrX	290624	290824	protein_coding-	4.18
chrX	293831	294031	protein_coding-	8.555
chrX	293897	294097	protein_coding+	3.54
chrX	294649	294849	protein_coding+	0
chrX	294911	295111	protein_coding-	0
chrX	295095	295295	protein_coding+	0.095
chrX	298726	298926	protein_coding-	0
chrX	302699	302899	protein_coding-	0
chrX	303031	303231	protein_coding+	0
chrX	305712	305912	protein_coding-	0
chrX	305982	306182	protein_coding+	0
chrX	310487	310687	protein_coding-	0
chrX	312556	312756	protein_coding-	0.49
chrX	313765	313965	protein_coding-	0
chrX	313934	314134	protein_coding+	0.005
chrX	314722	314922	protein_coding-	2.355
chrX	315025	315225	protein_coding+	1.545
chrX	315407	315607	protein_coding-	1.2
chrX	316325	316525	protein_coding-	3.97
chrX	316573	316773	protein_coding+	1.97
chrX	317134	317334	protein_coding+	0.145
chrX	319866	320066	protein_coding+	0
chrX	323236	323436	protein_coding+	0
chrX	324814	325014	protein_coding+	0
chrX	327723	327923	protein_coding-	0
chrX	329971	330171	protein_coding-	0
chrX	332923	333123	protein_coding-	0
chrX	333207	333407	protein_coding+	0
chrX	334115	334315	protein_coding+	0.435
chrX	335748	335948	protein_coding+	0
chrX	337853	338053	protein_coding-	0
chrX	338121	338321	protein_coding+	0
chrX	339637	339837	protein_coding+	0
chrX	342372	342572	protein_coding+	0
chrX	345823	346023	protein_coding+	0
chrX	348487	348687	protein_coding-	0.92
chrX	349055	349255	protein_coding-	77.355
chrX	349084	349284	snorna-	110.275
chrX	351958	352158	protein_coding-	0
chrX	352236	352436	protein_coding+	0
chrX	354094	354294	tRNA+	0
chrX	354193	354393	trna+	0
chrX	355265	355465	tRNA+	0
chrX	355405	355605	trna+	0
chrX	355874	356074	protein_coding+	0
chrX	359526	359726	protein_coding-	0.205
chrX	359980	360180	protein_coding+	0
chrX	361099	361299	protein_coding+	0
chrX	365753	365953	protein_coding+	0
chrX	373649	373849	protein_coding-	0
chrX	374345	374545	trna-	0
chrX	374386	374586	tRNA-	0
chrX	375624	375824	protein_coding-	0
chrX	376512	376712	protein_coding+	0
chrX	378210	378410	tRNA+	0
chrX	378309	378509	trna+	0
chrX	378675	378875	protein_coding+	0
chrX	380851	381051	protein_coding-	0
chrX	381177	381377	protein_coding+	34.525
chrX	383687	383887	protein_coding+	0
chrX	386198	386398	protein_coding+	0
chrX	387288	387488	protein_coding-	0
chrX	387507	387707	protein_coding+	0
chrX	390703	390903	protein_coding-	0
chrX	390965	391165	tRNA-	0
chrX	391161	391361	protein_coding+	0
chrX	392099	392299	protein_coding-	0
chrX	392254	392454	protein_coding+	0
chrX	393137	393337	protein_coding-	0.48
chrX	393817	394017	protein_coding+	0
chrX	396442	396642	protein_coding-	0
chrX	396646	396846	tRNA-	0
chrX	397959	398159	protein_coding+	0
chrX	398248	398448	protein_coding-	0
chrX	400831	401031	protein_coding+	0
chrX	402260	402460	protein_coding-	0.405
chrX	402747	402947	protein_coding+	0
chrX	405438	405638	protein_coding+	0
chrX	407276	407476	protein_coding-	0
chrX	407408	407608	protein_coding+	0.71
chrX	410890	411090	protein_coding-	0
chrX	413249	413449	protein_coding-	0
chrX	414620	414820	protein_coding-	0
chrX	414816	415016	tRNA+	0
chrX	414915	415115	trna+	0
chrX	415886	416086	tRNA-	0
chrX	419412	419612	protein_coding-	0
chrX	419705	419905	protein_coding+	0.34
chrX	421513	421713	protein_coding-	1.82
chrX	422787	422987	tRNA+	1.465
chrX	422862	423062	protein_coding-	0.055
chrX	422886	423086	trna+	0.055
chrX	423959	424159	protein_coding-	0
chrX	424365	424565	tRNA-	0
chrX	425007	425207	protein_coding+	0
chrX	432050	432250	protein_coding-	0
chrX	432494	432694	protein_coding+	0
chrX	434501	434701	protein_coding-	2.65
chrX	435013	435213	protein_coding+	0
chrX	436652	436852	protein_coding+	1.56
chrX	438715	438915	protein_coding+	0.325
chrX	442403	442603	protein_coding-	0
chrX	444711	444911	protein_coding-	0
chrX	445773	445973	protein_coding+	0
chrX	448608	448808	protein_coding-	0
chrX	449052	449252	protein_coding+	0
chrX	450870	451070	protein_coding+	0
chrX	452280	452480	protein_coding+	0
chrX	454531	454731	protein_coding-	38.795
chrX	456089	456289	protein_coding+	0
chrX	458211	458411	protein_coding-	0
chrX	459276	459476	protein_coding-	0
chrX	460232	460432	protein_coding+	0
chrX	460268	460468	protein_coding-	0
chrX	461679	461879	protein_coding+	0
chrX	462571	462771	protein_coding+	0
chrX	466058	466258	protein_coding-	14.615
chrX	466636	466836	protein_coding+	12.5
chrX	466883	467083	protein_coding-	4.565
chrX	467851	468051	protein_coding+	0
chrX	468131	468331	protein_coding-	0
chrX	469429	469629	protein_coding-	0
chrX	469634	469834	protein_coding+	0
chrX	470055	470255	protein_coding-	0
chrX	470814	471014	protein_coding-	1.175
chrX	471521	471721	protein_coding-	0
chrX	472610	472810	transposable_element+	0
chrX	478194	478394	transposable_element+	0
chrX	486046	486246	protein_coding-	0
chrX	490662	490862	protein_coding-	0
chrX	490931	491131	protein_coding+	0
chrX	496301	496501	protein_coding-	0
chrX	496533	496733	protein_coding+	0
chrX	497205	497405	protein_coding+	0
chrX	502952	503152	protein_coding+	0
chrX	503241	503441	protein_coding-	0
chrX	503786	503986	protein_coding+	0
chrX	503922	504122	protein_coding-	0
chrX	507596	507796	protein_coding+	0
chrX	513613	513813	protein_coding-	0
chrX	513905	514105	protein_coding+	0
chrX	517363	517563	protein_coding-	0
chrX	517734	517934	tRNA-	0
chrX	519035	519235	protein_coding-	0
chrX	521452	521652	protein_coding-	33.3
chrX	521898	522098	protein_coding+	0
chrX	523943	524143	tRNA-	0
chrX	525231	525431	protein_coding-	0
chrX	526185	526385	protein_coding+	23.67
chrX	528326	528526	protein_coding-	0
chrX	528547	528747	protein_coding+	0
chrX	529711	529911	protein_coding+	0
chrX	531678	531878	tRNA+	0
chrX	531777	531977	trna+	0
chrX	531912	532112	protein_coding+	0
chrX	533877	534077	protein_coding+	0
chrX	535906	536106	protein_coding+	0
chrX	538405	538605	tRNA+	0
chrX	538504	538704	trna+	0
chrX	538622	538822	protein_coding+	0
chrX	541358	541558	tRNA+	0
chrX	541461	541661	trna+	0.04
chrX	542352	542552	protein_coding-	0
chrX	542894	543094	tRNA-	0
chrX	543912	544112	protein_coding+	0
chrX	545025	545225	protein_coding-	1.02
chrX	545637	545837	protein_coding+	0.04
chrX	548609	548809	protein_coding+	0
chrX	550361	550561	protein_coding+	0.005
chrX	554699	554899	protein_coding-	0
chrX	555045	555245	protein_coding+	0.075
chrX	555764	555964	protein_coding+	2.685
chrX	559008	559208	protein_coding-	3.8
chrX	559266	559466	protein_coding+	0
chrX	567294	567494	protein_coding-	0
chrX	567493	567693	protein_coding+	0
chrX	569249	569449	protein_coding-	4.77
chrX	570255	570455	protein_coding+	1.74
chrX	570448	570648	protein_coding-	0.6
chrX	571974	572174	protein_coding-	1.4
chrX	572785	572985	protein_coding-	0.34
chrX	572945	573145	protein_coding+	0
chrX	573831	574031	protein_coding+	0
chrX	576451	576651	protein_coding-	0
chrX	578040	578240	protein_coding-	12.1
chrX	578710	578910	protein_coding+	0
chrX	580055	580255	protein_coding+	0
chrX	581466	581666	protein_coding-	0.235
chrX	582105	582305	protein_coding-	0
chrX	583387	583587	protein_coding-	0
chrX	583583	583783	protein_coding+	0
chrX	585287	585487	protein_coding-	4.245
chrX	585918	586118	protein_coding+	0.225
chrX	586250	586450	protein_coding+	4.965
chrX	587223	587423	protein_coding-	0.475
chrX	587568	587768	protein_coding+	0
chrX	594177	594377	protein_coding-	0
chrX	598186	598386	protein_coding-	0
chrX	598585	598785	protein_coding+	0.145
chrX	604053	604253	protein_coding-	0.14
chrX	605501	605701	protein_coding-	0
chrX	607274	607474	ncRNA-	0
chrX	608155	608355	protein_coding+	7.505
chrX	609623	609823	protein_coding+	0
chrX	611045	611245	protein_coding+	0
chrX	612263	612463	protein_coding+	0
chrX	615006	615206	protein_coding-	0
chrX	615426	615626	protein_coding+	0
chrX	617184	617384	protein_coding-	0
chrX	617769	617969	tRNA+	0
chrX	617868	618068	trna+	0
chrX	618084	618284	protein_coding+	0
chrX	619615	619815	protein_coding-	0
chrX	620604	620804	protein_coding+	14.475
chrX	622864	623064	protein_coding-	59.27
chrX	623431	623631	protein_coding+	0
chrX	624688	624888	protein_coding+	1.395
chrX	627190	627390	protein_coding+	0
chrX	628562	628762	protein_coding+	0.02
chrX	632791	632991	protein_coding-	1.23
chrX	633465	633665	protein_coding+	0
chrX	636556	636756	protein_coding-	0.31
chrX	636880	637080	protein_coding+	0
chrX	637640	637840	protein_coding+	0.29
chrX	638509	638709	protein_coding+	0
chrX	638825	639025	protein_coding-	0.35
chrX	639792	639992	protein_coding+	0
chrX	640675	640875	protein_coding+	0.14
chrX	641857	642057	protein_coding+	0
chrX	643951	644151	protein_coding-	0
chrX	646340	646540	protein_coding-	0
chrX	646976	647176	protein_coding+	0
chrX	647457	647657	protein_coding+	1.59
chrX	649626	649826	protein_coding+	0
chrX	651751	651951	protein_coding+	18.465
chrX	654088	654288	protein_coding-	0
chrX	655813	656013	protein_coding-	0
chrX	658539	658739	protein_coding-	0
chrX	662771	662971	protein_coding+	0
chrX	662909	663109	protein_coding-	0
chrX	663599	663799	snoRNA+	79.425
chrX	663698	663898	snorna+	97.15
chrX	664869	665069	protein_coding-	0
chrX	666987	667187	protein_coding-	0
chrX	667494	667694	protein_coding+	0
chrX	669372	669572	protein_coding+	0
chrX	672841	673041	protein_coding+	0
chrX	675702	675902	protein_coding-	0
chrX	676628	676828	protein_coding-	0
chrX	676821	677021	protein_coding+	0
chrX	678556	678756	protein_coding-	0
chrX	683135	683335	protein_coding-	0
chrX	684417	684617	protein_coding+	0
chrX	690374	690574	protein_coding-	1.37
chrX	690811	691011	protein_coding+	0
chrX	695546	695746	protein_coding-	0
chrX	695756	695956	protein_coding+	0
chrX	696991	697191	protein_coding+	0
chrX	700464	700664	protein_coding-	0
chrX	700732	700932	protein_coding+	0
chrX	702918	703118	protein_coding-	0.005
chrX	703735	703935	protein_coding+	0
chrX	704046	704246	protein_coding+	1.51
chrX	705594	705794	protein_coding+	3.35
chrX	707010	707210	protein_coding+	0.05
chrX	709557	709757	protein_coding-	0
chrX	715590	715790	protein_coding-	0
chrX	717430	717630	protein_coding+	0
chrX	719516	719716	protein_coding+	0
chrX	722665	722865	protein_coding+	0
chrX	725634	725834	protein_coding+	0
chrX	727255	727455	protein_coding+	0
chrX	729446	729646	protein_coding-	0
chrX	730365	730565	protein_coding+	0
chrX	732290	732490	protein_coding+	0
chrX	735894	736094	protein_coding+	0
chrX	739666	739866	protein_coding-	0
chrX	743849	744049	protein_coding-	0
chrX	745111	745311	protein_coding-	0
chrXI	301	501	protein_coding+	0
chrXI	2031	2231	protein_coding-	0
chrXI	2239	2439	protein_coding+	0
chrXI	5470	5670	protein_coding-	0
chrXI	5957	6157	protein_coding+	0
chrXI	11076	11276	protein_coding-	0
chrXI	14335	14535	protein_coding+	0
chrXI	18189	18389	protein_coding-	0
chrXI	22084	22284	protein_coding+	0
chrXI	25065	25265	protein_coding+	0
chrXI	30537	30737	protein_coding-	0
chrXI	31543	31743	protein_coding-	0
chrXI	33957	34157	protein_coding-	0
chrXI	34393	34593	protein_coding+	0
chrXI	38003	38203	protein_coding-	0
chrXI	38661	38861	snoRNA+	139.235
chrXI	38759	38959	snorna+	128.45
chrXI	39013	39213	protein_coding+	34.74
chrXI	46145	46345	protein_coding-	0
chrXI	46656	46856	tRNA-	0
chrXI	47007	47207	protein_coding+	0
chrXI	48044	48244	protein_coding+	0.03
chrXI	49659	49859	protein_coding-	0
chrXI	49901	50101	protein_coding+	0
chrXI	53554	53754	protein_coding+	0.12
chrXI	63209	63409	protein_coding-	0
chrXI	63671	63871	protein_coding+	0
chrXI	67316	67516	protein_coding-	1.905
chrXI	70070	70270	protein_coding-	3.89
chrXI	73715	73915	protein_coding-	0
chrXI	74474	74674	tRNA+	0
chrXI	74573	74773	trna+	3.885
chrXI	75384	75584	protein_coding-	1.885
chrXI	75671	75871	protein_coding+	1.07
chrXI	78496	78696	protein_coding-	0
chrXI	79732	79932	protein_coding-	0
chrXI	80387	80587	protein_coding-	5.2
chrXI	80885	81085	protein_coding+	0
chrXI	82797	82997	protein_coding+	1.66
chrXI	84058	84258	tRNA+	0
chrXI	84157	84357	trna+	0
chrXI	84554	84754	protein_coding+	0
chrXI	88636	88836	protein_coding-	0
chrXI	91386	91586	protein_coding-	0
chrXI	93148	93348	protein_coding-	0.27
chrXI	94349	94549	protein_coding+	1.14
chrXI	96607	96807	protein_coding+	0
chrXI	98457	98657	protein_coding-	0
chrXI	98571	98771	protein_coding+	0
chrXI	100521	100721	protein_coding+	3.21
chrXI	107166	107366	protein_coding+	0
chrXI	109119	109319	protein_coding+	6.445
chrXI	112353	112553	protein_coding-	0
chrXI	114206	114406	protein_coding+	1.15
chrXI	114477	114677	protein_coding-	0
chrXI	117836	118036	protein_coding-	0.13
chrXI	118643	118843	protein_coding+	0
chrXI	122086	122286	protein_coding-	0
chrXI	122367	122567	protein_coding+	0
chrXI	125609	125809	protein_coding+	0
chrXI	127325	127525	protein_coding+	0
chrXI	130484	130684	protein_coding+	0.04
chrXI	130918	131118	protein_coding-	0.485
chrXI	133312	133512	protein_coding-	1.915
chrXI	133984	134184	protein_coding-	0
chrXI	135555	135755	protein_coding-	0
chrXI	135873	136073	protein_coding-	0
chrXI	140541	140741	protein_coding-	0
chrXI	140939	141139	tRNA-	0
chrXI	142669	142869	protein_coding-	16.705
chrXI	144251	144451	protein_coding+	0.17
chrXI	145924	146124	protein_coding-	0
chrXI	148688	148888	protein_coding-	0
chrXI	150537	150737	protein_coding-	0
chrXI	153119	153319	protein_coding+	0
chrXI	154301	154501	protein_coding-	0
chrXI	154841	155041	protein_coding+	0
chrXI	158463	158663	protein_coding+	0
chrXI	158941	159141	protein_coding-	15.235
chrXI	161192	161392	protein_coding-	0
chrXI	161451	161651	protein_coding+	0
chrXI	162408	162608	tRNA-	0
chrXI	163450	163650	protein_coding+	71.355
chrXI	164235	164435	protein_coding-	179.37
chrXI	165780	165980	protein_coding-	0
chrXI	166394	166594	protein_coding+	0
chrXI	168679	168879	protein_coding-	0
chrXI	170979	171179	protein_coding-	0
chrXI	171633	171833	protein_coding+	0
chrXI	172018	172218	protein_coding-	0
chrXI	174063	174263	protein_coding+	0.125
chrXI	174808	175008	protein_coding+	0.155
chrXI	176331	176531	protein_coding-	0
chrXI	176631	176831	protein_coding+	0
chrXI	178365	178565	protein_coding+	4.08
chrXI	179517	179717	protein_coding+	0.225
chrXI	180629	180829	protein_coding+	0
chrXI	182808	183008	protein_coding+	0
chrXI	184862	185062	protein_coding-	0
chrXI	185531	185731	protein_coding-	0.065
chrXI	185807	186007	protein_coding+	0
chrXI	186266	186466	protein_coding+	0.84
chrXI	188490	188690	protein_coding-	0
chrXI	191292	191492	protein_coding-	0
chrXI	192920	193120	protein_coding-	0
chrXI	194328	194528	protein_coding+	0
chrXI	194716	194916	protein_coding-	0
chrXI	195878	196078	protein_coding-	0
chrXI	200017	200217	protein_coding-	0
chrXI	201621	201821	protein_coding-	0.17
chrXI	202849	203049	tRNA+	0.56
chrXI	202948	203148	trna+	2.93
chrXI	203391	203591	protein_coding+	0
chrXI	205557	205757	protein_coding+	0
chrXI	208097	208297	protein_coding+	4.355
chrXI	210443	210643	protein_coding+	0.15
chrXI	211893	212093	protein_coding+	0
chrXI	212848	213048	protein_coding-	0.405
chrXI	213992	214192	protein_coding+	0
chrXI	217194	217394	protein_coding+	8.905
chrXI	218976	219176	protein_coding+	0
chrXI	219067	219267	protein_coding-	0
chrXI	219745	219945	tRNA+	0.685
chrXI	219844	220044	trna+	0
chrXI	220174	220374	protein_coding+	0
chrXI	222750	222950	protein_coding-	0
chrXI	223135	223335	protein_coding-	0
chrXI	224305	224505	protein_coding-	0
chrXI	225725	225925	protein_coding-	0
chrXI	226420	226620	protein_coding+	0
chrXI	228649	228849	protein_coding-	0.155
chrXI	229730	229930	protein_coding-	0.015
chrXI	232077	232277	protein_coding+	0
chrXI	234276	234476	protein_coding+	0.005
chrXI	235991	236191	protein_coding+	0
chrXI	237116	237316	protein_coding-	0
chrXI	237386	237586	protein_coding+	0
chrXI	242433	242633	protein_coding-	0
chrXI	245223	245423	protein_coding-	0.015
chrXI	247532	247732	protein_coding-	0
chrXI	248217	248417	protein_coding-	0
chrXI	248770	248970	protein_coding+	0
chrXI	254009	254209	protein_coding+	0
chrXI	255310	255510	protein_coding-	0
chrXI	256322	256522	protein_coding-	0
chrXI	256620	256820	protein_coding+	0
chrXI	258763	258963	protein_coding-	0
chrXI	259072	259272	protein_coding-	96.04
chrXI	259103	259303	protein_coding+	96.04
chrXI	260982	261182	protein_coding+	0
chrXI	262127	262327	protein_coding+	0
chrXI	263199	263399	protein_coding+	0
chrXI	264639	264839	protein_coding+	0
chrXI	269309	269509	protein_coding-	0
chrXI	270500	270700	protein_coding-	6.33
chrXI	271728	271928	protein_coding+	0
chrXI	273244	273444	protein_coding+	0
chrXI	275133	275333	protein_coding+	0
chrXI	277713	277913	protein_coding-	0.73
chrXI	278131	278331	protein_coding+	0
chrXI	278973	279173	protein_coding+	0
chrXI	280359	280559	protein_coding+	0
chrXI	280771	280971	protein_coding+	0
chrXI	282179	282379	protein_coding-	0
chrXI	282741	282941	protein_coding+	8.745
chrXI	283035	283235	snoRNA+	13.02
chrXI	283132	283332	snorna+	4.42
chrXI	284880	285080	protein_coding+	0.445
chrXI	286453	286653	protein_coding+	0
chrXI	288695	288895	protein_coding+	0
chrXI	291303	291503	protein_coding+	0
chrXI	293071	293271	protein_coding-	0
chrXI	294158	294358	protein_coding-	0
chrXI	296043	296243	protein_coding-	0
chrXI	296280	296480	protein_coding+	0
chrXI	299432	299632	protein_coding+	0
chrXI	302768	302968	tRNA+	0
chrXI	302867	303067	trna+	0
chrXI	304964	305164	protein_coding+	0
chrXI	306061	306261	protein_coding+	0
chrXI	307135	307335	protein_coding+	0
chrXI	308067	308267	tRNA-	6.015
chrXI	309056	309256	protein_coding+	4.86
chrXI	310049	310249	protein_coding+	0
chrXI	313322	313522	tRNA-	0
chrXI	314662	314862	protein_coding+	0
chrXI	315131	315331	protein_coding+	1.59
chrXI	315804	316004	protein_coding+	0
chrXI	316907	317107	protein_coding-	0
chrXI	317614	317814	protein_coding+	0
chrXI	321368	321568	protein_coding-	0
chrXI	323078	323278	protein_coding+	0
chrXI	325621	325821	protein_coding+	0
chrXI	327337	327537	protein_coding-	108.36
chrXI	329293	329493	protein_coding-	0
chrXI	330016	330216	protein_coding+	0
chrXI	333819	334019	protein_coding-	0
chrXI	334765	334965	protein_coding-	17.385
chrXI	336007	336207	protein_coding-	0
chrXI	338603	338803	protein_coding-	3.625
chrXI	339292	339492	protein_coding-	0.025
chrXI	339422	339622	protein_coding+	3.065
chrXI	340396	340596	protein_coding-	0
chrXI	341162	341362	protein_coding+	4.48
chrXI	345470	345670	protein_coding-	0
chrXI	346614	346814	protein_coding-	0
chrXI	348986	349186	protein_coding-	0
chrXI	349313	349513	protein_coding+	0
chrXI	352474	352674	protein_coding-	0
chrXI	353343	353543	protein_coding+	0
chrXI	356172	356372	protein_coding+	0
chrXI	356598	356798	protein_coding+	0
chrXI	358325	358525	protein_coding+	0
chrXI	359993	360193	protein_coding+	0
chrXI	361678	361878	protein_coding-	0
chrXI	362472	362672	protein_coding+	0
chrXI	364626	364826	snoRNA+	44.345
chrXI	364725	364925	snorna+	42.57
chrXI	365455	365655	protein_coding+	0
chrXI	369215	369415	protein_coding+	0
chrXI	369741	369941	protein_coding+	0
chrXI	369770	369970	protein_coding-	0
chrXI	371679	371879	protein_coding+	0
chrXI	374355	374555	protein_coding+	0
chrXI	375306	375506	protein_coding+	0
chrXI	379530	379730	tRNA+	0
chrXI	379629	379829	trna+	0.64
chrXI	381708	381908	protein_coding-	0.35
chrXI	381922	382122	protein_coding+	0
chrXI	382348	382548	protein_coding+	0
chrXI	384575	384775	protein_coding-	2.12
chrXI	385608	385808	protein_coding+	0
chrXI	387412	387612	protein_coding+	1.88
chrXI	389733	389933	protein_coding-	0
chrXI	392129	392329	protein_coding-	0.555
chrXI	392990	393190	protein_coding-	0.25
chrXI	393223	393423	protein_coding-	0.055
chrXI	393571	393771	protein_coding+	0
chrXI	397098	397298	protein_coding-	0.035
chrXI	398600	398800	protein_coding-	0
chrXI	401930	402130	protein_coding-	4.155
chrXI	402418	402618	protein_coding+	0
chrXI	403729	403929	protein_coding-	0
chrXI	403952	404152	protein_coding+	0
chrXI	407091	407291	protein_coding-	0.575
chrXI	407839	408039	protein_coding-	0.96
chrXI	408394	408594	protein_coding+	0
chrXI	416763	416963	protein_coding-	0
chrXI	417873	418073	protein_coding-	3.415
chrXI	418160	418360	protein_coding+	0
chrXI	421066	421266	protein_coding-	0
chrXI	425725	425925	protein_coding-	0
chrXI	426092	426292	protein_coding+	0
chrXI	428401	428601	protein_coding-	0.005
chrXI	429152	429352	protein_coding+	0
chrXI	430482	430682	protein_coding-	0.22
chrXI	430988	431188	snoRNA-	4.97
chrXI	431756	431956	protein_coding+	14.81
chrXI	434727	434927	protein_coding-	0
chrXI	435430	435630	protein_coding+	0
chrXI	437342	437542	protein_coding-	0.17
chrXI	437628	437828	protein_coding+	0
chrXI	439235	439435	protein_coding-	0
chrXI	442572	442772	protein_coding-	0
chrXI	443082	443282	protein_coding+	0
chrXI	445231	445431	protein_coding+	0
chrXI	447886	448086	protein_coding-	0
chrXI	450017	450217	protein_coding-	0
chrXI	451067	451267	protein_coding-	0.29
chrXI	451284	451484	protein_coding+	0.63
chrXI	452051	452251	protein_coding+	0.305
chrXI	456904	457104	protein_coding-	0
chrXI	458407	458607	tRNA+	0
chrXI	458506	458706	trna+	0
chrXI	461089	461289	protein_coding-	0
chrXI	462546	462746	protein_coding-	0
chrXI	463809	464009	protein_coding+	4.155
chrXI	463966	464166	protein_coding-	5.6
chrXI	465921	466121	protein_coding-	0
chrXI	468517	468717	protein_coding-	0
chrXI	469567	469767	protein_coding+	0
chrXI	473199	473399	protein_coding-	0
chrXI	475750	475950	protein_coding-	0.2
chrXI	477913	478113	protein_coding-	0
chrXI	478188	478388	protein_coding+	0
chrXI	479084	479284	protein_coding+	0.04
chrXI	482989	483189	protein_coding-	0
chrXI	483269	483469	protein_coding+	0
chrXI	487222	487422	protein_coding-	0.015
chrXI	487620	487820	protein_coding+	0
chrXI	489505	489705	protein_coding-	0
chrXI	490818	491018	tRNA+	0
chrXI	490917	491117	trna+	0
chrXI	491214	491414	protein_coding+	0
chrXI	494107	494307	protein_coding+	0.025
chrXI	499683	499883	protein_coding-	0
chrXI	500132	500332	protein_coding+	0
chrXI	506245	506445	protein_coding-	0
chrXI	506367	506567	protein_coding+	0
chrXI	506748	506948	protein_coding+	0
chrXI	507154	507354	protein_coding-	0
chrXI	507789	507989	protein_coding+	0
chrXI	508411	508611	protein_coding-	0.065
chrXI	510483	510683	protein_coding-	0
chrXI	511647	511847	protein_coding-	0
chrXI	513009	513209	protein_coding-	0
chrXI	513253	513453	tRNA-	0
chrXI	514913	515113	protein_coding+	0.5
chrXI	517838	518038	tRNA+	0
chrXI	517937	518137	trna+	0
chrXI	518048	518248	protein_coding+	0
chrXI	518416	518616	protein_coding-	0
chrXI	519377	519577	protein_coding+	1.295
chrXI	521562	521762	protein_coding-	0
chrXI	521865	522065	protein_coding+	0
chrXI	523819	524019	protein_coding-	0
chrXI	524924	525124	protein_coding-	7.865
chrXI	525107	525307	protein_coding+	0
chrXI	526490	526690	protein_coding-	0.74
chrXI	527081	527281	protein_coding-	0
chrXI	527665	527865	protein_coding+	0
chrXI	530796	530996	protein_coding+	0
chrXI	533314	533514	protein_coding-	2.635
chrXI	535131	535331	protein_coding-	0
chrXI	547775	547975	protein_coding-	0
chrXI	548066	548266	protein_coding+	0
chrXI	549298	549498	protein_coding+	0
chrXI	551507	551707	protein_coding+	0.29
chrXI	552620	552820	protein_coding+	0.105
chrXI	554837	555037	protein_coding+	0
chrXI	556368	556568	protein_coding+	0
chrXI	557527	557727	protein_coding+	0.035
chrXI	559216	559416	snoRNA-	33.885
chrXI	559516	559716	protein_coding+	0.415
chrXI	562147	562347	protein_coding-	0
chrXI	562397	562597	protein_coding+	0
chrXI	565742	565942	protein_coding-	0.475
chrXI	567048	567248	protein_coding-	0
chrXI	567768	567968	protein_coding+	0
chrXI	570759	570959	protein_coding-	0
chrXI	571462	571662	protein_coding+	0
chrXI	573424	573624	protein_coding+	0
chrXI	575830	576030	protein_coding-	3.12
chrXI	577973	578173	protein_coding-	0.1
chrXI	578357	578557	protein_coding-	0
chrXI	578815	579015	tRNA+	0
chrXI	578914	579114	trna+	0
chrXI	579059	579259	protein_coding+	0
chrXI	580062	580262	protein_coding+	0
chrXI	580600	580800	protein_coding-	0
chrXI	582133	582333	protein_coding+	0
chrXI	583503	583703	protein_coding+	0.005
chrXI	584802	585002	protein_coding+	0.13
chrXI	589155	589355	protein_coding-	0
chrXI	590245	590445	protein_coding+	2.955
chrXI	592390	592590	protein_coding-	0.035
chrXI	592675	592875	protein_coding+	0
chrXI	596672	596872	protein_coding-	0
chrXI	598740	598940	protein_coding-	0.785
chrXI	599531	599731	protein_coding-	0
chrXI	599707	599907	protein_coding+	0
chrXI	604082	604282	protein_coding-	0
chrXI	605268	605468	protein_coding-	0.05
chrXI	608215	608415	protein_coding-	0
chrXI	608796	608996	protein_coding+	0
chrXI	611375	611575	protein_coding+	0
chrXI	613735	613935	protein_coding-	0
chrXI	615580	615780	protein_coding+	0.63
chrXI	618600	618800	protein_coding-	0.14
chrXI	619655	619855	protein_coding+	0
chrXI	625714	625914	protein_coding+	0
chrXI	626643	626843	protein_coding+	0
chrXI	631002	631202	protein_coding+	0
chrXI	635029	635229	protein_coding-	0
chrXI	635701	635901	protein_coding+	0
chrXI	639818	640018	protein_coding-	0.76
chrXI	640390	640590	protein_coding+	0
chrXI	646206	646406	protein_coding+	0
chrXI	652930	653130	protein_coding+	0
chrXI	656686	656886	protein_coding+	0
chrXI	660314	660514	protein_coding-	0
chrXI	661292	661492	protein_coding+	0
chrXII	693	893	protein_coding+	0
chrXII	4151	4351	protein_coding-	0
chrXII	5455	5655	protein_coding+	0
chrXII	6336	6536	protein_coding+	0
chrXII	9686	9886	protein_coding-	0
chrXII	11576	11776	protein_coding+	0
chrXII	13295	13495	protein_coding-	0
chrXII	15922	16122	protein_coding-	0
chrXII	17463	17663	protein_coding-	0
chrXII	17806	18006	protein_coding+	0
chrXII	21689	21889	protein_coding-	0
chrXII	22830	23030	protein_coding-	0
chrXII	23419	23619	protein_coding+	0
chrXII	26844	27044	protein_coding-	0
chrXII	28155	28355	protein_coding-	0
chrXII	29959	30159	protein_coding+	0
chrXII	35054	35254	protein_coding-	0
chrXII	35811	36011	protein_coding-	0
chrXII	36211	36411	protein_coding-	0.29
chrXII	39321	39521	protein_coding-	0
chrXII	40264	40464	protein_coding-	1.57
chrXII	40516	40716	protein_coding+	0
chrXII	46115	46315	protein_coding-	0
chrXII	46522	46722	protein_coding+	0
chrXII	47313	47513	protein_coding-	0
chrXII	48066	48266	protein_coding+	26.005
chrXII	48479	48679	protein_coding-	12.98
chrXII	49788	49988	protein_coding+	0
chrXII	52440	52640	protein_coding-	0
chrXII	53781	53981	protein_coding-	0.03
chrXII	63495	63695	protein_coding-	0
chrXII	65057	65257	protein_coding-	14.89
chrXII	66368	66568	protein_coding-	0.03
chrXII	66412	66612	protein_coding+	0.065
chrXII	68106	68306	protein_coding-	0
chrXII	68430	68630	protein_coding+	0
chrXII	72996	73196	protein_coding-	0
chrXII	73259	73459	protein_coding+	0
chrXII	76597	76797	protein_coding-	0
chrXII	80055	80255	protein_coding-	0
chrXII	80547	80747	protein_coding-	0
chrXII	81311	81511	protein_coding+	0
chrXII	84654	84854	protein_coding+	1.19
chrXII	87253	87453	protein_coding+	0
chrXII	88473	88673	protein_coding+	0
chrXII	92398	92598	tRNA+	0
chrXII	92497	92697	trna+	0
chrXII	94597	94797	protein_coding+	0
chrXII	97335	97535	protein_coding-	107.49
chrXII	98686	98886	protein_coding-	0
chrXII	100051	100251	protein_coding-	0
chrXII	100797	100997	protein_coding+	0
chrXII	105711	105911	protein_coding-	0
chrXII	106758	106958	protein_coding+	0.475
chrXII	107749	107949	protein_coding-	2.055
chrXII	108822	109022	protein_coding-	1.465
chrXII	111425	111625	protein_coding-	1.06
chrXII	112084	112284	pseudogene+	0
chrXII	112697	112897	pseudogene+	0
chrXII	116282	116482	protein_coding+	0
chrXII	121172	121372	protein_coding+	0.035
chrXII	124564	124764	protein_coding-	0.49
chrXII	125384	125584	protein_coding+	0
chrXII	127373	127573	protein_coding+	0
chrXII	130463	130663	protein_coding-	0.425
chrXII	131264	131464	protein_coding-	1
chrXII	131579	131779	protein_coding+	0
chrXII	136149	136349	protein_coding-	0
chrXII	136195	136395	protein_coding+	0
chrXII	136436	136636	protein_coding+	0
chrXII	140396	140596	protein_coding-	0
chrXII	140923	141123	protein_coding+	0
chrXII	143051	143251	protein_coding+	0
chrXII	146141	146341	protein_coding+	0
chrXII	147740	147940	protein_coding+	0
chrXII	153827	154027	protein_coding-	0
chrXII	156184	156384	protein_coding-	0
chrXII	157580	157780	protein_coding-	0
chrXII	159355	159555	protein_coding-	0
chrXII	159899	160099	protein_coding+	0
chrXII	163743	163943	protein_coding-	0
chrXII	164242	164442	protein_coding+	0
chrXII	165933	166133	protein_coding-	0.785
chrXII	166387	166587	protein_coding+	1.495
chrXII	167652	167852	protein_coding-	0
chrXII	167875	168075	tRNA-	0
chrXII	168953	169153	protein_coding+	0
chrXII	170131	170331	protein_coding-	0
chrXII	171189	171389	protein_coding+	0
chrXII	174832	175032	protein_coding-	0
chrXII	175077	175277	protein_coding+	0
chrXII	177266	177466	protein_coding-	0
chrXII	177458	177658	protein_coding+	0
chrXII	179456	179656	protein_coding-	0
chrXII	180138	180338	protein_coding+	0.015
chrXII	183255	183455	protein_coding-	0
chrXII	183473	183673	protein_coding+	0
chrXII	184776	184976	protein_coding-	0.805
chrXII	186979	187179	protein_coding-	0.2
chrXII	193131	193331	protein_coding-	0
chrXII	194302	194502	protein_coding+	0
chrXII	196322	196522	protein_coding-	0
chrXII	197935	198135	protein_coding-	0
chrXII	198634	198834	snoRNA+	63.66
chrXII	198733	198933	snorna+	127.975
chrXII	201165	201365	protein_coding-	0
chrXII	202440	202640	protein_coding-	6.5
chrXII	203140	203340	protein_coding+	0
chrXII	204075	204275	protein_coding+	0
chrXII	204841	205041	protein_coding+	0
chrXII	208611	208811	protein_coding+	0
chrXII	211783	211983	protein_coding-	1.53
chrXII	214306	214506	protein_coding-	0
chrXII	214805	215005	tRNA-	0
chrXII	218757	218957	transposable_element-	0
chrXII	221982	222182	protein_coding-	0
chrXII	222909	223109	protein_coding-	0
chrXII	225022	225222	protein_coding-	0
chrXII	228446	228646	protein_coding-	0
chrXII	229227	229427	protein_coding+	0
chrXII	229432	229632	protein_coding-	0
chrXII	230301	230501	protein_coding-	0
chrXII	231863	232063	protein_coding-	0
chrXII	233931	234131	protein_coding-	102.105
chrXII	237553	237753	protein_coding-	0
chrXII	238663	238863	protein_coding-	0
chrXII	241257	241457	protein_coding-	0
chrXII	242082	242282	protein_coding+	0.04
chrXII	245022	245222	protein_coding-	0
chrXII	245922	246122	protein_coding-	0.5
chrXII	246827	247027	protein_coding-	0
chrXII	247051	247251	protein_coding+	0
chrXII	248276	248476	protein_coding-	0
chrXII	250828	251028	protein_coding-	0
chrXII	252930	253130	protein_coding-	0
chrXII	253711	253911	protein_coding+	3.245
chrXII	255156	255356	protein_coding+	1.115
chrXII	259251	259451	protein_coding-	5.99
chrXII	260397	260597	protein_coding-	0
chrXII	260829	261029	protein_coding+	0.835
chrXII	263044	263244	protein_coding+	0
chrXII	263804	264004	protein_coding-	23.885
chrXII	264007	264207	protein_coding+	0
chrXII	265306	265506	protein_coding+	0
chrXII	266768	266968	protein_coding-	0
chrXII	267019	267219	protein_coding+	0
chrXII	270560	270760	protein_coding-	0
chrXII	270858	271058	protein_coding+	0
chrXII	273765	273965	protein_coding-	0
chrXII	275061	275261	protein_coding-	0
chrXII	278476	278676	protein_coding-	0
chrXII	278712	278912	protein_coding+	0
chrXII	281471	281671	protein_coding-	0.785
chrXII	282306	282506	protein_coding-	0.38
chrXII	282777	282977	protein_coding+	29.975
chrXII	283457	283657	protein_coding-	59.445
chrXII	283722	283922	protein_coding+	76.955
chrXII	286409	286609	protein_coding-	0
chrXII	286670	286870	protein_coding+	0
chrXII	287766	287966	protein_coding+	0
chrXII	290062	290262	protein_coding+	0
chrXII	293422	293622	protein_coding-	0
chrXII	295944	296144	protein_coding-	0
chrXII	300101	300301	protein_coding-	0.315
chrXII	301839	302039	protein_coding-	0
chrXII	302093	302293	protein_coding+	0
chrXII	315581	315781	protein_coding-	0
chrXII	315957	316157	protein_coding+	0
chrXII	319865	320065	protein_coding-	0
chrXII	320551	320751	protein_coding+	0
chrXII	322147	322347	protein_coding+	0.02
chrXII	323394	323594	protein_coding+	0.33
chrXII	327265	327465	protein_coding-	0.705
chrXII	329088	329288	protein_coding-	1.435
chrXII	331965	332165	protein_coding-	0
chrXII	332440	332640	protein_coding+	0
chrXII	337115	337315	protein_coding-	0.555
chrXII	339323	339523	protein_coding-	0
chrXII	340778	340978	protein_coding-	1.755
chrXII	341175	341375	protein_coding+	0
chrXII	341660	341860	protein_coding+	4.39
chrXII	342811	343011	protein_coding-	1.765
chrXII	343617	343817	protein_coding-	0
chrXII	345791	345991	protein_coding-	0
chrXII	346435	346635	protein_coding+	0
chrXII	348030	348230	protein_coding-	12.135
chrXII	348360	348560	snoRNA-	69.865
chrXII	363588	363788	protein_coding-	0
chrXII	363966	364166	protein_coding+	0
chrXII	366085	366285	snRNA+	0
chrXII	366184	366384	snrna+	0
chrXII	367974	368174	protein_coding-	0
chrXII	368631	368831	protein_coding+	1.965
chrXII	369948	370148	protein_coding-	319.535
chrXII	370241	370441	protein_coding+	0.71
chrXII	370641	370841	protein_coding+	0
chrXII	371470	371670	protein_coding+	0
chrXII	374205	374405	tRNA+	0
chrXII	374304	374504	trna+	0
chrXII	377088	377288	protein_coding-	0
chrXII	377835	378035	protein_coding+	0
chrXII	380672	380872	protein_coding+	0
chrXII	384384	384584	protein_coding-	0.195
chrXII	385258	385458	protein_coding-	0
chrXII	385384	385584	protein_coding+	0
chrXII	388070	388270	protein_coding-	5.605
chrXII	388522	388722	protein_coding+	11.73
chrXII	390120	390320	protein_coding-	0
chrXII	391219	391419	protein_coding-	0
chrXII	391450	391650	protein_coding+	0
chrXII	393334	393534	protein_coding+	0
chrXII	395370	395570	protein_coding-	0
chrXII	398169	398369	protein_coding-	0
chrXII	398380	398580	protein_coding+	0
chrXII	399507	399707	protein_coding+	0.52
chrXII	403912	404112	protein_coding-	3.92
chrXII	406672	406872	protein_coding-	0.46
chrXII	408005	408205	protein_coding-	0
chrXII	408295	408495	protein_coding+	0
chrXII	410573	410773	protein_coding+	0.12
chrXII	413131	413331	protein_coding+	0
chrXII	416508	416708	protein_coding-	0
chrXII	416856	417056	protein_coding+	0
chrXII	418287	418487	protein_coding+	0
chrXII	423323	423523	protein_coding-	0.855
chrXII	423324	423524	protein_coding+	0.855
chrXII	423533	423733	protein_coding+	0.34
chrXII	425036	425236	protein_coding+	0
chrXII	426982	427182	tRNA+	0
chrXII	427085	427285	trna+	0
chrXII	427179	427379	protein_coding+	0
chrXII	431866	432066	protein_coding-	0
chrXII	432018	432218	protein_coding+	0
chrXII	433575	433775	protein_coding-	0
chrXII	433720	433920	protein_coding+	0
chrXII	434313	434513	protein_coding-	0.18
chrXII	434491	434691	protein_coding+	0
chrXII	439673	439873	protein_coding-	0
chrXII	440306	440506	protein_coding-	10.165
chrXII	440317	440517	protein_coding+	10.165
chrXII	442587	442787	protein_coding-	0
chrXII	444538	444738	protein_coding-	0
chrXII	447425	447625	protein_coding-	3.77
chrXII	448164	448364	protein_coding-	0.39
chrXII	448571	448771	tRNA-	0
chrXII	451635	451835	rRNA-	0
chrXII	452288	452488	protein_coding+	0
chrXII	453078	453278	rrna-	0
chrXII	454242	454442	protein_coding+	0
chrXII	454546	454746	protein_coding+	0
chrXII	455029	455229	rrna-	0
chrXII	455031	455231	rRNA-	0
chrXII	455263	455463	rRNA-	0
chrXII	455283	455483	protein_coding+	0
chrXII	455421	455621	rRNA-	0
chrXII	455733	455933	protein_coding+	0
chrXII	455782	455982	rRNA-	0
chrXII	457582	457782	rRNA-	0
chrXII	458282	458482	rRNA-	0
chrXII	459526	459726	rRNA+	14.995
chrXII	459625	459825	rrna+	77.985
chrXII	460772	460972	rRNA-	0
chrXII	462215	462415	rrna-	0
chrXII	462521	462721	protein_coding-	0
chrXII	464166	464366	rrna-	0
chrXII	464168	464368	rRNA-	0
chrXII	464400	464600	rRNA-	0
chrXII	464558	464758	rRNA-	0
chrXII	464919	465119	rRNA-	0
chrXII	466719	466919	rRNA-	0
chrXII	467419	467619	rRNA-	0
chrXII	468663	468863	rRNA+	0
chrXII	468762	468962	rrna+	0
chrXII	468808	469008	protein_coding-	0
chrXII	470255	470455	protein_coding-	0
chrXII	471963	472163	protein_coding+	0
chrXII	472315	472515	rRNA+	0
chrXII	472414	472614	rrna+	0
chrXII	472460	472660	protein_coding-	0
chrXII	473907	474107	protein_coding-	0
chrXII	475614	475814	protein_coding+	0
chrXII	481451	481651	transposable_element-	0
chrXII	481723	481923	protein_coding+	0
chrXII	481895	482095	rRNA+	0
chrXII	481994	482194	rrna+	0
chrXII	482040	482240	protein_coding-	0
chrXII	483487	483687	protein_coding-	0
chrXII	485195	485395	protein_coding+	0
chrXII	485547	485747	rRNA+	0
chrXII	485646	485846	rrna+	0
chrXII	485692	485892	protein_coding-	0
chrXII	487139	487339	protein_coding-	0
chrXII	488847	489047	protein_coding+	0
chrXII	489199	489399	rRNA+	0
chrXII	489298	489498	rrna+	0
chrXII	489423	489623	protein_coding+	0
chrXII	490256	490456	protein_coding+	0
chrXII	490457	490657	rrna-	7.315
chrXII	492662	492862	protein_coding+	0
chrXII	493104	493304	protein_coding-	0
chrXII	493733	493933	protein_coding+	0
chrXII	495108	495308	protein_coding-	0
chrXII	497894	498094	protein_coding-	0
chrXII	498797	498997	protein_coding+	65.44
chrXII	500120	500320	protein_coding-	0
chrXII	500185	500385	protein_coding+	0
chrXII	500583	500783	protein_coding+	0
chrXII	500899	501099	protein_coding-	1.205
chrXII	502012	502212	protein_coding-	0
chrXII	502271	502471	protein_coding+	0
chrXII	504441	504641	protein_coding+	0
chrXII	505984	506184	protein_coding+	2.17
chrXII	510082	510282	protein_coding-	0
chrXII	510904	511104	protein_coding+	0
chrXII	513671	513871	protein_coding-	1.485
chrXII	514563	514763	protein_coding-	1.345
chrXII	515112	515312	protein_coding+	1.62
chrXII	517520	517720	protein_coding-	0
chrXII	517790	517990	protein_coding+	0
chrXII	521862	522062	protein_coding-	0
chrXII	521956	522156	protein_coding+	0
chrXII	522513	522713	protein_coding+	8.315
chrXII	523482	523682	protein_coding+	26.38
chrXII	524715	524915	protein_coding+	0
chrXII	528150	528350	protein_coding+	0
chrXII	534243	534443	protein_coding-	0
chrXII	535064	535264	protein_coding+	0
chrXII	537122	537322	protein_coding+	0
chrXII	539439	539639	protein_coding-	0.94
chrXII	540386	540586	protein_coding-	0
chrXII	541423	541623	protein_coding-	19.545
chrXII	543154	543354	protein_coding-	0
chrXII	543818	544018	protein_coding+	0
chrXII	545947	546147	protein_coding+	0
chrXII	547495	547695	protein_coding-	0
chrXII	548619	548819	protein_coding-	0
chrXII	548862	549062	protein_coding+	0
chrXII	550143	550343	protein_coding-	0
chrXII	550486	550686	protein_coding-	0
chrXII	551810	552010	protein_coding-	0.38
chrXII	552120	552320	protein_coding+	0
chrXII	553527	553727	protein_coding-	14.58
chrXII	554428	554628	protein_coding+	0.135
chrXII	556638	556838	protein_coding+	0
chrXII	559401	559601	protein_coding+	2.205
chrXII	561582	561782	protein_coding-	0
chrXII	561858	562058	protein_coding+	0
chrXII	564381	564581	protein_coding-	0
chrXII	566131	566331	protein_coding-	0
chrXII	567772	567972	protein_coding-	0
chrXII	568417	568617	protein_coding+	1.795
chrXII	571708	571908	protein_coding-	0
chrXII	572759	572959	protein_coding+	1.42
chrXII	573061	573261	protein_coding-	0.02
chrXII	573768	573968	protein_coding-	0
chrXII	574001	574201	protein_coding+	0
chrXII	576675	576875	protein_coding+	0
chrXII	578874	579074	protein_coding-	0
chrXII	581621	581821	protein_coding-	0.125
chrXII	582086	582286	protein_coding-	0
chrXII	585340	585540	protein_coding-	0.03
chrXII	586314	586514	protein_coding+	0
chrXII	588768	588968	protein_coding-	0
chrXII	589204	589404	protein_coding+	0
chrXII	591893	592093	protein_coding-	0
chrXII	592469	592669	tRNA-	0
chrXII	593288	593488	transposable_element+	0
chrXII	602313	602513	protein_coding-	0
chrXII	604424	604624	protein_coding+	1.125
chrXII	604637	604837	protein_coding-	1.045
chrXII	605282	605482	tRNA-	0
chrXII	606680	606880	protein_coding+	0
chrXII	606969	607169	protein_coding-	0
chrXII	609374	609574	protein_coding-	0
chrXII	609633	609833	protein_coding+	0
chrXII	611780	611980	protein_coding-	0
chrXII	611967	612167	protein_coding-	0
chrXII	612217	612417	protein_coding+	0.02
chrXII	614605	614805	protein_coding+	0
chrXII	617168	617368	protein_coding-	0
chrXII	617383	617583	protein_coding+	0
chrXII	620323	620523	protein_coding+	0
chrXII	623733	623933	protein_coding-	0
chrXII	624053	624253	protein_coding+	0
chrXII	626181	626381	protein_coding-	2.34
chrXII	626780	626980	protein_coding-	19.65
chrXII	626968	627168	protein_coding+	4.015
chrXII	628233	628433	tRNA+	3.94
chrXII	628332	628532	trna+	0.185
chrXII	633204	633404	protein_coding-	0
chrXII	634102	634302	protein_coding+	0
chrXII	636630	636830	protein_coding+	6.74
chrXII	640167	640367	protein_coding+	0
chrXII	641314	641514	protein_coding+	0
chrXII	641807	642007	protein_coding+	0
chrXII	642477	642677	protein_coding+	0
chrXII	644823	645023	protein_coding-	0
chrXII	645803	646003	protein_coding-	0
chrXII	646265	646465	protein_coding+	0
chrXII	650967	651167	transposable_element+	0
chrXII	656856	657056	tRNA-	0
chrXII	658676	658876	protein_coding+	6.565
chrXII	660566	660766	protein_coding+	0
chrXII	664852	665052	protein_coding-	21.41
chrXII	665694	665894	protein_coding+	0
chrXII	668413	668613	protein_coding-	0
chrXII	668741	668941	protein_coding-	0
chrXII	669512	669712	protein_coding-	1.56
chrXII	670190	670390	protein_coding+	0
chrXII	672981	673181	protein_coding+	13.185
chrXII	673794	673994	protein_coding-	3.95
chrXII	675305	675505	protein_coding-	0
chrXII	677574	677774	protein_coding-	0
chrXII	678062	678262	protein_coding+	0
chrXII	680050	680250	protein_coding+	0
chrXII	681036	681236	protein_coding+	0
chrXII	681066	681266	protein_coding-	0
chrXII	682587	682787	protein_coding+	0
chrXII	687052	687252	protein_coding-	0
chrXII	687782	687982	tRNA-	0
chrXII	690879	691079	protein_coding-	0
chrXII	691405	691605	protein_coding+	0
chrXII	694228	694428	protein_coding+	0
chrXII	696680	696880	protein_coding-	0
chrXII	699345	699545	protein_coding-	0
chrXII	703874	704074	protein_coding-	0.06
chrXII	704159	704359	protein_coding+	0
chrXII	704683	704883	protein_coding-	0
chrXII	704810	705010	protein_coding-	0
chrXII	705036	705236	protein_coding+	0
chrXII	705262	705462	protein_coding-	0
chrXII	706890	707090	protein_coding-	0
chrXII	707210	707410	protein_coding+	0
chrXII	708188	708388	protein_coding-	18.23
chrXII	708412	708612	protein_coding+	21.005
chrXII	709986	710186	protein_coding-	11.13
chrXII	711908	712108	protein_coding-	0
chrXII	713008	713208	protein_coding-	1.755
chrXII	714754	714954	protein_coding-	0
chrXII	714939	715139	protein_coding+	0
chrXII	717828	718028	protein_coding-	0
chrXII	719312	719512	protein_coding-	0
chrXII	720220	720420	protein_coding-	0
chrXII	721280	721480	protein_coding-	3.805
chrXII	721880	722080	protein_coding-	11.055
chrXII	722223	722423	protein_coding-	15.64
chrXII	722828	723028	protein_coding+	0
chrXII	723894	724094	protein_coding+	0
chrXII	725266	725466	protein_coding-	0
chrXII	725919	726119	protein_coding+	0
chrXII	727853	728053	protein_coding-	0
chrXII	728805	729005	protein_coding+	24.04
chrXII	730675	730875	protein_coding+	10.9
chrXII	731940	732140	tRNA+	0
chrXII	732039	732239	trna+	0
chrXII	732392	732592	protein_coding+	0
chrXII	732403	732603	protein_coding-	0
chrXII	734652	734852	tRNA+	0
chrXII	734751	734951	trna+	0
chrXII	737398	737598	protein_coding-	1.6
chrXII	743713	743913	protein_coding-	0
chrXII	744001	744201	protein_coding+	0
chrXII	745470	745670	protein_coding+	0
chrXII	746961	747161	protein_coding-	0
chrXII	747787	747987	protein_coding+	0
chrXII	751619	751819	protein_coding-	0
chrXII	756843	757043	protein_coding-	0
chrXII	757462	757662	protein_coding-	0
chrXII	758683	758883	protein_coding-	0
chrXII	759330	759530	protein_coding+	0.02
chrXII	762192	762392	protein_coding-	0
chrXII	763987	764187	protein_coding-	0.735
chrXII	764658	764858	protein_coding+	0
chrXII	765505	765705	protein_coding+	1.245
chrXII	766208	766408	protein_coding-	0
chrXII	766392	766592	protein_coding+	0
chrXII	771534	771734	protein_coding-	0
chrXII	771790	771990	protein_coding+	0
chrXII	777478	777678	protein_coding+	0
chrXII	777714	777914	protein_coding-	0
chrXII	778802	779002	protein_coding-	0
chrXII	779065	779265	protein_coding+	0
chrXII	781229	781429	protein_coding-	28.51
chrXII	782024	782224	protein_coding+	0
chrXII	783237	783437	protein_coding-	0
chrXII	784204	784404	tRNA+	0
chrXII	784303	784503	trna+	0
chrXII	784763	784963	protein_coding+	0
chrXII	786292	786492	protein_coding+	0
chrXII	787514	787714	protein_coding+	0
chrXII	790526	790726	protein_coding+	0
chrXII	790896	791096	protein_coding-	0
chrXII	793768	793968	tRNA+	0
chrXII	793871	794071	trna+	0
chrXII	794425	794625	snoRNA-	45.12
chrXII	794644	794844	snoRNA-	61.16
chrXII	794874	795074	snoRNA-	90.675
chrXII	794876	795076	snorna-	90.675
chrXII	795749	795949	protein_coding-	3.66
chrXII	796928	797128	protein_coding-	0
chrXII	797028	797228	tRNA+	0
chrXII	797127	797327	trna+	0
chrXII	797280	797480	protein_coding+	0
chrXII	802246	802446	protein_coding-	0
chrXII	804196	804396	protein_coding+	0
chrXII	804956	805156	protein_coding-	0
chrXII	805737	805937	protein_coding+	2.85
chrXII	806185	806385	protein_coding-	47.27
chrXII	807235	807435	protein_coding+	0
chrXII	809847	810047	protein_coding+	5.83
chrXII	815660	815860	protein_coding+	0.885
chrXII	815944	816144	protein_coding+	0
chrXII	818459	818659	tRNA+	0
chrXII	818558	818758	trna+	0
chrXII	819162	819362	protein_coding+	0
chrXII	820361	820561	protein_coding+	12.12
chrXII	822442	822642	protein_coding-	0
chrXII	824639	824839	protein_coding+	0
chrXII	826263	826463	protein_coding-	0.965
chrXII	827371	827571	protein_coding+	1.025
chrXII	827723	827923	protein_coding-	11.98
chrXII	828580	828780	protein_coding+	0
chrXII	830214	830414	protein_coding-	0
chrXII	830966	831166	protein_coding+	0
chrXII	834202	834402	protein_coding+	0
chrXII	837207	837407	protein_coding-	1.415
chrXII	839103	839303	protein_coding-	207.855
chrXII	840171	840371	protein_coding+	0
chrXII	841181	841381	protein_coding+	0
chrXII	843900	844100	protein_coding-	0
chrXII	844132	844332	protein_coding+	0
chrXII	845953	846153	protein_coding+	0
chrXII	848974	849174	protein_coding-	0
chrXII	849529	849729	protein_coding-	0
chrXII	849716	849916	protein_coding+	0
chrXII	853001	853201	protein_coding-	0
chrXII	853311	853511	protein_coding+	0
chrXII	853912	854112	protein_coding+	0
chrXII	855049	855249	protein_coding+	0
chrXII	855388	855588	protein_coding+	0.125
chrXII	855495	855695	protein_coding-	0.06
chrXII	856292	856492	protein_coding+	15.99
chrXII	856560	856760	snoRNA+	19.255
chrXII	856658	856858	snorna+	16.17
chrXII	857390	857590	protein_coding+	4.735
chrXII	859402	859602	protein_coding+	0
chrXII	862104	862304	protein_coding-	0.99
chrXII	862564	862764	protein_coding+	0
chrXII	867204	867404	protein_coding+	1.375
chrXII	871217	871417	protein_coding-	0
chrXII	871547	871747	protein_coding+	0.12
chrXII	871692	871892	protein_coding-	0.175
chrXII	873404	873604	protein_coding-	0
chrXII	874642	874842	protein_coding-	0
chrXII	875226	875426	tRNA+	0
chrXII	875325	875525	trna+	0.75
chrXII	876772	876972	protein_coding+	5.065
chrXII	877028	877228	protein_coding-	4.19
chrXII	878132	878332	protein_coding+	0
chrXII	879573	879773	protein_coding+	0
chrXII	884601	884801	protein_coding-	0
chrXII	885138	885338	protein_coding+	0
chrXII	892750	892950	protein_coding-	0
chrXII	893240	893440	protein_coding-	0
chrXII	893478	893678	protein_coding+	0
chrXII	897522	897722	protein_coding-	0
chrXII	898501	898701	protein_coding+	19.82
chrXII	899030	899230	snoRNA+	37.46
chrXII	899129	899329	snorna+	37.46
chrXII	902510	902710	protein_coding-	0
chrXII	902916	903116	protein_coding+	0
chrXII	903574	903774	protein_coding+	12.805
chrXII	906155	906355	protein_coding-	0
chrXII	906929	907129	protein_coding+	0
chrXII	907800	908000	protein_coding+	0
chrXII	909815	910015	protein_coding-	1.27
chrXII	912160	912360	protein_coding-	0
chrXII	914742	914942	protein_coding-	0
chrXII	918869	919069	protein_coding-	0.02
chrXII	920719	920919	protein_coding+	10.45
chrXII	921446	921646	protein_coding-	38.85
chrXII	921913	922113	protein_coding+	0.205
chrXII	924298	924498	protein_coding-	0
chrXII	924739	924939	protein_coding+	0
chrXII	925418	925618	protein_coding+	0
chrXII	928593	928793	protein_coding+	0
chrXII	929639	929839	protein_coding+	0
chrXII	931605	931805	protein_coding-	20.32
chrXII	932205	932405	protein_coding-	0
chrXII	932817	933017	protein_coding+	0
chrXII	934103	934303	protein_coding-	0
chrXII	937083	937283	protein_coding-	0
chrXII	937391	937591	protein_coding+	0
chrXII	941333	941533	transposable_element+	0
chrXII	947103	947303	protein_coding+	0
chrXII	948218	948418	protein_coding+	0
chrXII	950323	950523	protein_coding-	0
chrXII	951006	951206	protein_coding+	0
chrXII	953994	954194	protein_coding-	0.03
chrXII	954447	954647	protein_coding-	0
chrXII	954739	954939	protein_coding-	0
chrXII	954860	955060	protein_coding+	0
chrXII	957945	958145	protein_coding-	0
chrXII	958278	958478	protein_coding+	0
chrXII	962905	963105	tRNA-	0
chrXII	963635	963835	protein_coding+	0
chrXII	965410	965610	protein_coding-	0.475
chrXII	965747	965947	protein_coding+	0
chrXII	973020	973220	protein_coding-	0
chrXII	973245	973445	protein_coding+	0
chrXII	975906	976106	tRNA-	0
chrXII	982744	982944	protein_coding+	0
chrXII	986912	987112	protein_coding+	0.04
chrXII	988278	988478	protein_coding+	0.355
chrXII	990627	990827	protein_coding+	0
chrXII	990811	991011	protein_coding-	2.395
chrXII	993284	993484	protein_coding+	0
chrXII	1001553	1001753	protein_coding-	0
chrXII	1002407	1002607	protein_coding+	42.005
chrXII	1005858	1006058	protein_coding-	0
chrXII	1006228	1006428	protein_coding+	0
chrXII	1006258	1006458	protein_coding-	0
chrXII	1011095	1011295	protein_coding-	0.555
chrXII	1011873	1012073	protein_coding-	0
chrXII	1012351	1012551	protein_coding+	0
chrXII	1012536	1012736	protein_coding-	0
chrXII	1014028	1014228	protein_coding-	0.43
chrXII	1014341	1014541	protein_coding+	0
chrXII	1017547	1017747	protein_coding-	0
chrXII	1018758	1018958	protein_coding-	23.365
chrXII	1022101	1022301	protein_coding-	0
chrXII	1022475	1022675	protein_coding+	0
chrXII	1023838	1024038	protein_coding-	0
chrXII	1024039	1024239	protein_coding+	0
chrXII	1025064	1025264	protein_coding+	0
chrXII	1027743	1027943	protein_coding-	0
chrXII	1028704	1028904	protein_coding+	3.53
chrXII	1030684	1030884	protein_coding+	0
chrXII	1032477	1032677	protein_coding+	0
chrXII	1035943	1036143	protein_coding+	0
chrXII	1041216	1041416	protein_coding-	0
chrXII	1042836	1043036	protein_coding-	0
chrXII	1043848	1044048	protein_coding+	0
chrXII	1051994	1052194	tRNA-	2.405
chrXII	1053479	1053679	protein_coding+	0
chrXII	1054920	1055120	protein_coding+	0
chrXII	1056305	1056505	protein_coding+	0
chrXII	1056621	1056821	protein_coding-	0
chrXII	1057184	1057384	protein_coding+	0
chrXII	1060737	1060937	protein_coding-	0
chrXII	1062769	1062969	protein_coding+	0
chrXII	1065806	1066006	protein_coding+	0
chrXII	1066422	1066622	protein_coding+	0
chrXII	1066666	1066866	protein_coding-	0
chrXII	1066937	1067137	protein_coding+	0
chrXII	1067203	1067403	protein_coding-	0
chrXII	1070719	1070919	protein_coding-	0
chrXII	1071560	1071760	protein_coding-	0
chrXII	1072358	1072558	protein_coding+	0
chrXII	1077382	1077582	protein_coding-	0
chrXIII	677	877	protein_coding+	0
chrXIII	1460	1660	protein_coding+	0
chrXIII	4534	4734	protein_coding-	0
chrXIII	7094	7294	protein_coding+	0
chrXIII	10048	10248	protein_coding+	0
chrXIII	13024	13224	protein_coding-	1.71
chrXIII	14603	14803	protein_coding-	0.26
chrXIII	16526	16726	protein_coding-	0
chrXIII	16914	17114	protein_coding+	0
chrXIII	20385	20585	protein_coding-	1.01
chrXIII	21549	21749	protein_coding-	0
chrXIII	23533	23733	protein_coding-	0
chrXIII	25650	25850	protein_coding-	0
chrXIII	26268	26468	protein_coding-	0
chrXIII	26780	26980	protein_coding+	0
chrXIII	29657	29857	protein_coding-	0
chrXIII	30461	30661	protein_coding+	0
chrXIII	32184	32384	protein_coding+	0
chrXIII	34093	34293	protein_coding+	0
chrXIII	37322	37522	protein_coding+	0.255
chrXIII	38046	38246	protein_coding+	0
chrXIII	41644	41844	protein_coding-	0
chrXIII	43425	43625	protein_coding-	0.11
chrXIII	43895	44095	protein_coding+	0
chrXIII	44913	45113	protein_coding+	1.625
chrXIII	46792	46992	protein_coding+	0
chrXIII	50804	51004	protein_coding-	0
chrXIII	51490	51690	protein_coding+	0
chrXIII	54643	54843	protein_coding+	0
chrXIII	56119	56319	protein_coding-	0.085
chrXIII	56623	56823	protein_coding+	0.04
chrXIII	58537	58737	protein_coding-	0
chrXIII	62172	62372	protein_coding-	0
chrXIII	67399	67599	protein_coding-	0.715
chrXIII	67788	67988	snoRNA-	69.03
chrXIII	68144	68344	protein_coding+	0
chrXIII	69576	69776	protein_coding-	0.475
chrXIII	69938	70138	protein_coding-	0
chrXIII	69988	70188	protein_coding+	0
chrXIII	70474	70674	protein_coding+	0
chrXIII	74079	74279	protein_coding+	0
chrXIII	76890	77090	protein_coding-	0
chrXIII	77117	77317	protein_coding+	0
chrXIII	79540	79740	protein_coding-	0
chrXIII	79759	79959	protein_coding+	0
chrXIII	81963	82163	protein_coding-	0
chrXIII	82125	82325	protein_coding+	0
chrXIII	82470	82670	protein_coding-	0.16
chrXIII	82940	83140	protein_coding+	0
chrXIII	86589	86789	protein_coding-	2.63
chrXIII	90581	90781	protein_coding-	0
chrXIII	90594	90794	protein_coding+	0
chrXIII	91259	91459	protein_coding-	0
chrXIII	91820	92020	ncRNA+	0
chrXIII	91919	92119	srna+	0
chrXIII	92085	92285	protein_coding+	0
chrXIII	95219	95419	protein_coding-	0
chrXIII	97221	97421	protein_coding-	0
chrXIII	99250	99450	protein_coding-	0
chrXIII	99339	99539	protein_coding+	0
chrXIII	100900	101100	protein_coding-	0
chrXIII	101712	101912	protein_coding+	0.02
chrXIII	104012	104212	protein_coding-	10.305
chrXIII	104627	104827	protein_coding+	1.02
chrXIII	108656	108856	protein_coding+	0
chrXIII	110097	110297	protein_coding+	0.295
chrXIII	110852	111052	protein_coding+	0
chrXIII	111715	111915	protein_coding+	0.47
chrXIII	115197	115397	protein_coding-	0
chrXIII	118748	118948	protein_coding-	0
chrXIII	121174	121374	protein_coding-	0
chrXIII	124022	124222	protein_coding-	1.025
chrXIII	129217	129417	protein_coding-	4.405
chrXIII	131422	131622	protein_coding-	0
chrXIII	131746	131946	tRNA-	0
chrXIII	133325	133525	protein_coding+	0
chrXIII	135350	135550	protein_coding+	0.05
chrXIII	137400	137600	protein_coding+	0
chrXIII	140064	140264	protein_coding-	0
chrXIII	141383	141583	protein_coding-	0
chrXIII	142060	142260	protein_coding+	0
chrXIII	145726	145926	protein_coding-	0
chrXIII	146332	146532	protein_coding+	13.305
chrXIII	148533	148733	protein_coding-	0
chrXIII	151382	151582	protein_coding-	0
chrXIII	151721	151921	protein_coding+	0
chrXIII	158108	158308	protein_coding-	0
chrXIII	158610	158810	protein_coding+	0
chrXIII	159233	159433	protein_coding+	66.515
chrXIII	160030	160230	protein_coding+	24.545
chrXIII	160262	160462	protein_coding-	0.995
chrXIII	163470	163670	snoRNA-	0
chrXIII	164026	164226	protein_coding-	13.995
chrXIII	164640	164840	protein_coding+	0
chrXIII	167158	167358	protein_coding-	0
chrXIII	167631	167831	protein_coding-	0
chrXIII	168645	168845	tRNA+	0
chrXIII	168744	168944	trna+	0
chrXIII	169604	169804	protein_coding-	0
chrXIII	170252	170452	protein_coding+	6.06
chrXIII	171444	171644	protein_coding+	6.42
chrXIII	172989	173189	protein_coding+	0
chrXIII	178155	178355	protein_coding-	0
chrXIII	178276	178476	protein_coding+	0.85
chrXIII	179743	179943	protein_coding+	0
chrXIII	180925	181125	protein_coding-	0
chrXIII	181324	181524	protein_coding+	0
chrXIII	183818	184018	tRNA-	0.985
chrXIII	184311	184511	transposable_element+	0
chrXIII	191617	191817	protein_coding-	0
chrXIII	192638	192838	protein_coding+	0
chrXIII	195605	195805	protein_coding-	0
chrXIII	196020	196220	tRNA-	1.335
chrXIII	196478	196678	transposable_element+	0
chrXIII	203953	204153	protein_coding-	1.38
chrXIII	205258	205458	protein_coding-	0
chrXIII	205492	205692	protein_coding+	0
chrXIII	208710	208910	protein_coding-	1.36
chrXIII	209375	209575	protein_coding+	0.015
chrXIII	209676	209876	protein_coding-	0
chrXIII	213780	213980	protein_coding-	0
chrXIII	214039	214239	protein_coding+	0
chrXIII	214271	214471	protein_coding-	0
chrXIII	216285	216485	protein_coding+	0
chrXIII	217212	217412	protein_coding+	0
chrXIII	219988	220188	protein_coding+	73.555
chrXIII	221256	221456	protein_coding+	0
chrXIII	223678	223878	protein_coding-	0
chrXIII	225215	225415	protein_coding-	0
chrXIII	225739	225939	protein_coding+	0
chrXIII	228514	228714	protein_coding-	0
chrXIII	228787	228987	protein_coding+	0
chrXIII	230663	230863	protein_coding-	0
chrXIII	230999	231199	protein_coding+	0
chrXIII	233307	233507	protein_coding+	0
chrXIII	235802	236002	protein_coding-	0.025
chrXIII	236438	236638	protein_coding+	0.05
chrXIII	241386	241586	protein_coding-	2.46
chrXIII	242879	243079	protein_coding-	0
chrXIII	243075	243275	protein_coding+	0
chrXIII	243999	244199	protein_coding+	0
chrXIII	245764	245964	protein_coding-	0.07
chrXIII	245966	246166	protein_coding+	5.175
chrXIII	247278	247478	protein_coding-	0
chrXIII	247527	247727	protein_coding+	0
chrXIII	250285	250485	protein_coding+	0
chrXIII	250851	251051	protein_coding-	0.095
chrXIII	251366	251566	protein_coding-	1.59
chrXIII	252840	253040	protein_coding-	8.47
chrXIII	253122	253322	protein_coding-	0.015
chrXIII	253698	253898	protein_coding+	2.745
chrXIII	258266	258466	protein_coding-	0
chrXIII	259089	259289	tRNA-	0
chrXIII	260071	260271	protein_coding+	0
chrXIII	262535	262735	protein_coding-	0.15
chrXIII	263333	263533	protein_coding+	0
chrXIII	264391	264591	protein_coding+	0
chrXIII	267024	267224	protein_coding+	1.04
chrXIII	270986	271186	protein_coding-	0.785
chrXIII	271427	271627	protein_coding-	0.065
chrXIII	272043	272243	protein_coding+	8.33
chrXIII	272968	273168	protein_coding+	4.39
chrXIII	273867	274067	protein_coding+	0
chrXIII	275895	276095	protein_coding+	0
chrXIII	279531	279731	protein_coding-	0
chrXIII	279810	280010	protein_coding+	0
chrXIII	282434	282634	protein_coding-	2.075
chrXIII	283952	284152	protein_coding+	0
chrXIII	284950	285150	protein_coding+	0.735
chrXIII	287929	288129	protein_coding+	0
chrXIII	290651	290851	tRNA+	0
chrXIII	290750	290950	trna+	0
chrXIII	290984	291184	protein_coding+	0
chrXIII	296529	296729	protein_coding-	0
chrXIII	297128	297328	snoRNA+	55.55
chrXIII	297227	297427	snorna+	55.55
chrXIII	297356	297556	snoRNA+	37.02
chrXIII	297455	297655	snorna+	37.545
chrXIII	297575	297775	snoRNA+	92.315
chrXIII	297675	297875	snorna+	92.315
chrXIII	297768	297968	snoRNA+	90.355
chrXIII	297867	298067	snorna+	68.89
chrXIII	297988	298188	snoRNA+	9.955
chrXIII	298087	298287	srna+	9.575
chrXIII	298159	298359	snoRNA+	30.34
chrXIII	298256	298456	snorna+	30.34
chrXIII	298404	298604	snoRNA+	21.155
chrXIII	298501	298701	snorna+	56.635
chrXIII	298718	298918	protein_coding+	13.255
chrXIII	302335	302535	protein_coding-	0.73
chrXIII	305443	305643	protein_coding-	0
chrXIII	307339	307539	protein_coding+	0
chrXIII	310058	310258	protein_coding+	0
chrXIII	312006	312206	protein_coding+	0
chrXIII	315227	315427	protein_coding+	0
chrXIII	318268	318468	protein_coding-	0
chrXIII	318530	318730	protein_coding+	0
chrXIII	320867	321067	protein_coding-	0
chrXIII	321069	321269	tRNA-	0
chrXIII	321725	321925	protein_coding+	0.65
chrXIII	323150	323350	protein_coding+	0
chrXIII	325285	325485	protein_coding-	0
chrXIII	325727	325927	protein_coding+	0
chrXIII	327332	327532	protein_coding+	0
chrXIII	330081	330281	protein_coding-	0
chrXIII	330643	330843	protein_coding+	0
chrXIII	334559	334759	protein_coding+	0
chrXIII	334593	334793	protein_coding-	0
chrXIII	335148	335348	protein_coding+	0
chrXIII	337163	337363	protein_coding+	0
chrXIII	337638	337838	protein_coding+	0
chrXIII	340572	340772	protein_coding-	0
chrXIII	340992	341192	protein_coding+	0
chrXIII	343370	343570	protein_coding-	0
chrXIII	346367	346567	protein_coding-	0
chrXIII	348110	348310	protein_coding-	3.255
chrXIII	349372	349572	protein_coding-	0.075
chrXIII	350231	350431	protein_coding+	0
chrXIII	351823	352023	protein_coding-	0
chrXIII	352130	352330	tRNA+	0
chrXIII	352229	352429	trna+	0
chrXIII	352453	352653	protein_coding+	0.875
chrXIII	353721	353921	protein_coding+	1.775
chrXIII	355234	355434	protein_coding+	0
chrXIII	362477	362677	transposable_element-	0
chrXIII	362552	362752	protein_coding+	0
chrXIII	362914	363114	tRNA+	44.595
chrXIII	363013	363213	trna+	11.355
chrXIII	366555	366755	protein_coding-	0.98
chrXIII	366831	367031	protein_coding+	0
chrXIII	370367	370567	protein_coding-	0.455
chrXIII	372368	372568	tRNA-	0
chrXIII	378175	378375	transposable_element-	0
chrXIII	379258	379458	tRNA-	0
chrXIII	379436	379636	protein_coding+	0
chrXIII	380284	380484	protein_coding-	0
chrXIII	382748	382948	protein_coding-	0
chrXIII	383153	383353	protein_coding+	0.015
chrXIII	386871	387071	protein_coding-	0
chrXIII	388094	388294	protein_coding-	0
chrXIII	388580	388780	protein_coding-	0
chrXIII	388672	388872	protein_coding+	2.225
chrXIII	390949	391149	protein_coding+	1.11
chrXIII	392365	392565	protein_coding-	0
chrXIII	392605	392805	protein_coding+	0
chrXIII	396229	396429	protein_coding-	0
chrXIII	396927	397127	protein_coding+	0
chrXIII	397753	397953	protein_coding+	0
chrXIII	399552	399752	protein_coding+	0.015
chrXIII	401391	401591	protein_coding+	0
chrXIII	405423	405623	protein_coding-	0
chrXIII	406154	406354	protein_coding+	0
chrXIII	407559	407759	protein_coding+	0
chrXIII	409004	409204	protein_coding+	2.32
chrXIII	411115	411315	protein_coding-	0
chrXIII	411419	411619	protein_coding+	0.16
chrXIII	412723	412923	protein_coding-	1.34
chrXIII	413323	413523	protein_coding-	11.145
chrXIII	413832	414032	protein_coding+	0
chrXIII	415903	416103	protein_coding-	0
chrXIII	419879	420079	protein_coding-	0
chrXIII	420511	420711	tRNA-	0
chrXIII	421999	422199	protein_coding-	0
chrXIII	424578	424778	protein_coding-	0
chrXIII	424839	425039	protein_coding+	0.51
chrXIII	429477	429677	protein_coding-	0.315
chrXIII	430945	431145	protein_coding-	0
chrXIII	431975	432175	protein_coding-	0
chrXIII	434638	434838	protein_coding+	2.715
chrXIII	436478	436678	protein_coding+	0
chrXIII	437341	437541	protein_coding+	0
chrXIII	439058	439258	protein_coding+	0
chrXIII	442214	442414	protein_coding-	0
chrXIII	442377	442577	protein_coding+	0
chrXIII	444952	445152	protein_coding-	0
chrXIII	447936	448136	protein_coding-	0
chrXIII	449095	449295	protein_coding+	0
chrXIII	451215	451415	protein_coding-	0
chrXIII	453329	453529	protein_coding-	0
chrXIII	453865	454065	protein_coding+	0.35
chrXIII	455675	455875	protein_coding+	0.42
chrXIII	457809	458009	protein_coding-	0
chrXIII	458258	458458	protein_coding+	0
chrXIII	460377	460577	protein_coding-	0
chrXIII	462459	462659	protein_coding-	0
chrXIII	463404	463604	tRNA+	0
chrXIII	463507	463707	trna+	0
chrXIII	464677	464877	protein_coding-	0
chrXIII	466150	466350	protein_coding+	0.015
chrXIII	469326	469526	protein_coding-	0
chrXIII	472202	472402	protein_coding-	0
chrXIII	473114	473314	protein_coding-	0
chrXIII	475303	475503	protein_coding-	0
chrXIII	477456	477656	protein_coding-	0
chrXIII	477914	478114	protein_coding+	0
chrXIII	480040	480240	protein_coding-	0
chrXIII	480543	480743	tRNA-	0
chrXIII	482864	483064	protein_coding+	0
chrXIII	483934	484134	protein_coding+	1.335
chrXIII	486437	486637	protein_coding+	0.135
chrXIII	491842	492042	protein_coding-	0
chrXIII	493642	493842	protein_coding-	0
chrXIII	494345	494545	protein_coding-	0
chrXIII	494849	495049	protein_coding+	0
chrXIII	497299	497499	protein_coding-	0
chrXIII	497554	497754	protein_coding+	0
chrXIII	499922	500122	snoRNA-	28.485
chrXIII	500538	500738	protein_coding-	34.02
chrXIII	501741	501941	protein_coding-	0
chrXIII	502584	502784	protein_coding-	0
chrXIII	504745	504945	tRNA+	0
chrXIII	504844	505044	trna+	0
chrXIII	505183	505383	protein_coding+	0
chrXIII	506846	507046	protein_coding+	0
chrXIII	509130	509330	protein_coding-	0
chrXIII	510198	510398	protein_coding-	0
chrXIII	510925	511125	protein_coding-	0
chrXIII	511165	511365	protein_coding+	53
chrXIII	513443	513643	protein_coding+	0
chrXIII	514306	514506	protein_coding+	0
chrXIII	517389	517589	protein_coding+	0.885
chrXIII	521639	521839	protein_coding-	0
chrXIII	523195	523395	protein_coding-	0
chrXIII	523546	523746	protein_coding+	0
chrXIII	527654	527854	protein_coding+	0
chrXIII	531969	532169	protein_coding+	0
chrXIII	534548	534748	protein_coding-	4.38
chrXIII	535420	535620	protein_coding-	0
chrXIII	536057	536257	protein_coding+	0
chrXIII	537688	537888	protein_coding+	0
chrXIII	539761	539961	protein_coding+	0
chrXIII	539906	540106	protein_coding-	0
chrXIII	541049	541249	protein_coding+	0
chrXIII	544813	545013	protein_coding-	0
chrXIII	545005	545205	protein_coding+	0
chrXIII	545975	546175	protein_coding+	0
chrXIII	547564	547764	protein_coding+	0
chrXIII	549894	550094	protein_coding-	4.705
chrXIII	550761	550961	protein_coding+	12.6
chrXIII	551057	551257	protein_coding-	3.12
chrXIII	551778	551978	protein_coding+	0
chrXIII	553212	553412	protein_coding+	0
chrXIII	556325	556525	protein_coding-	7.23
chrXIII	558374	558574	protein_coding-	0.2
chrXIII	559049	559249	protein_coding+	0
chrXIII	560216	560416	protein_coding+	0
chrXIII	560846	561046	protein_coding+	0.845
chrXIII	562356	562556	protein_coding+	0
chrXIII	562378	562578	protein_coding-	0
chrXIII	562946	563146	protein_coding+	0
chrXIII	564285	564485	protein_coding+	0.87
chrXIII	565759	565959	protein_coding-	0.295
chrXIII	568032	568232	protein_coding-	0
chrXIII	568401	568601	protein_coding+	0
chrXIII	570866	571066	protein_coding-	0
chrXIII	571894	572094	protein_coding-	0
chrXIII	572098	572298	protein_coding+	0
chrXIII	572805	573005	tRNA-	0.02
chrXIII	573181	573381	protein_coding-	0
chrXIII	574321	574521	protein_coding+	0
chrXIII	574778	574978	protein_coding-	0
chrXIII	574916	575116	protein_coding+	0
chrXIII	577568	577768	protein_coding+	0.235
chrXIII	583771	583971	protein_coding-	0
chrXIII	586238	586438	protein_coding-	0
chrXIII	586559	586759	tRNA-	0
chrXIII	589400	589600	protein_coding-	0
chrXIII	592478	592678	protein_coding-	0
chrXIII	594323	594523	protein_coding-	0
chrXIII	594736	594936	protein_coding+	0
chrXIII	599008	599208	protein_coding-	0
chrXIII	600722	600922	protein_coding-	0
chrXIII	602932	603132	protein_coding-	0
chrXIII	605370	605570	protein_coding-	0.235
chrXIII	605831	606031	protein_coding+	0
chrXIII	608061	608261	protein_coding-	0
chrXIII	608539	608739	protein_coding+	0
chrXIII	608747	608947	protein_coding+	0
chrXIII	610215	610415	protein_coding-	0
chrXIII	610866	611066	protein_coding+	0
chrXIII	611164	611364	protein_coding+	0
chrXIII	611590	611790	protein_coding+	0
chrXIII	616416	616616	protein_coding+	0
chrXIII	618329	618529	protein_coding+	0
chrXIII	619708	619908	protein_coding+	0
chrXIII	623063	623263	protein_coding-	0
chrXIII	623930	624130	protein_coding-	12.665
chrXIII	625017	625217	protein_coding-	0
chrXIII	625661	625861	protein_coding+	0
chrXIII	626199	626399	snoRNA+	40.055
chrXIII	626298	626498	snorna+	43.295
chrXIII	627658	627858	protein_coding-	0
chrXIII	628039	628239	protein_coding+	0
chrXIII	628875	629075	protein_coding+	0
chrXIII	632205	632405	protein_coding+	18.59
chrXIII	635834	636034	protein_coding-	0
chrXIII	636854	637054	protein_coding-	0
chrXIII	637350	637550	protein_coding+	0
chrXIII	645108	645308	protein_coding-	0
chrXIII	645506	645706	protein_coding+	0
chrXIII	646968	647168	protein_coding+	0
chrXIII	649886	650086	protein_coding+	0
chrXIII	650995	651195	protein_coding+	0
chrXIII	651308	651508	protein_coding-	1.635
chrXIII	652125	652325	snoRNA+	67.515
chrXIII	652224	652424	snorna+	99.31
chrXIII	652737	652937	protein_coding-	42.915
chrXIII	652986	653186	protein_coding-	0
chrXIII	653884	654084	protein_coding+	0
chrXIII	654926	655126	protein_coding+	0
chrXIII	659048	659248	protein_coding-	0
chrXIII	659595	659795	protein_coding+	0
chrXIII	662494	662694	protein_coding+	1.65
chrXIII	664602	664802	protein_coding+	0.185
chrXIII	666894	667094	protein_coding-	0
chrXIII	667306	667506	ncRNA-	0
chrXIII	667387	667587	protein_coding+	2.475
chrXIII	668342	668542	protein_coding+	1.135
chrXIII	671175	671375	protein_coding-	0
chrXIII	674616	674816	protein_coding-	6.22
chrXIII	675746	675946	protein_coding+	0
chrXIII	683414	683614	protein_coding-	0
chrXIII	684317	684517	protein_coding+	0
chrXIII	687134	687334	protein_coding-	0
chrXIII	687366	687566	protein_coding+	0
chrXIII	688933	689133	protein_coding+	0
chrXIII	692893	693093	protein_coding-	0
chrXIII	693231	693431	protein_coding+	0
chrXIII	695200	695400	protein_coding+	3.845
chrXIII	696646	696846	protein_coding+	0
chrXIII	700889	701089	protein_coding-	2.875
chrXIII	701640	701840	protein_coding+	0.295
chrXIII	706737	706937	protein_coding-	0
chrXIII	706983	707183	protein_coding+	0
chrXIII	712166	712366	protein_coding+	1.875
chrXIII	715295	715495	protein_coding-	0.465
chrXIII	716159	716359	protein_coding-	0
chrXIII	716565	716765	protein_coding+	0
chrXIII	720503	720703	protein_coding-	0
chrXIII	721253	721453	protein_coding-	0.96
chrXIII	722246	722446	protein_coding-	2.75
chrXIII	724235	724435	protein_coding-	0
chrXIII	724476	724676	protein_coding+	0
chrXIII	730973	731173	protein_coding-	0
chrXIII	732264	732464	protein_coding+	0
chrXIII	733118	733318	protein_coding+	1.35
chrXIII	733395	733595	protein_coding+	0.315
chrXIII	736776	736976	protein_coding+	0
chrXIII	739035	739235	protein_coding+	0
chrXIII	740116	740316	protein_coding+	0
chrXIII	742585	742785	protein_coding-	0.915
chrXIII	742821	743021	protein_coding+	1.44
chrXIII	743599	743799	protein_coding+	2.56
chrXIII	746203	746403	protein_coding+	0
chrXIII	747813	748013	tRNA-	0.005
chrXIII	749527	749727	protein_coding-	0
chrXIII	751090	751290	protein_coding-	0
chrXIII	751811	752011	protein_coding+	0.565
chrXIII	753592	753792	protein_coding-	11.99
chrXIII	754147	754347	protein_coding+	14.835
chrXIII	756016	756216	protein_coding-	0
chrXIII	757100	757300	protein_coding+	0
chrXIII	758413	758613	protein_coding+	0
chrXIII	758681	758881	protein_coding-	0
chrXIII	759657	759857	protein_coding+	4.56
chrXIII	762963	763163	snoRNA-	3.465
chrXIII	767889	768089	protein_coding-	0
chrXIII	768291	768491	tRNA-	0
chrXIII	769133	769333	protein_coding+	0
chrXIII	770651	770851	protein_coding+	0
chrXIII	772765	772965	protein_coding+	0
chrXIII	774602	774802	protein_coding+	1.185
chrXIII	775569	775769	protein_coding-	0
chrXIII	777040	777240	protein_coding-	0
chrXIII	777773	777973	protein_coding-	0
chrXIII	777851	778051	protein_coding+	0
chrXIII	778977	779177	protein_coding-	0.015
chrXIII	781881	782081	protein_coding-	0
chrXIII	784131	784331	protein_coding-	0
chrXIII	788733	788933	protein_coding-	0
chrXIII	789689	789889	protein_coding-	0.355
chrXIII	793219	793419	protein_coding-	0
chrXIII	793576	793776	protein_coding+	0
chrXIII	794769	794969	protein_coding+	0.075
chrXIII	795655	795855	protein_coding+	0
chrXIII	797775	797975	protein_coding-	0
chrXIII	798368	798568	protein_coding+	0
chrXIII	801622	801822	protein_coding+	0.015
chrXIII	804072	804272	protein_coding-	0
chrXIII	804306	804506	protein_coding+	0
chrXIII	806273	806473	protein_coding-	0
chrXIII	807398	807598	protein_coding-	1.16
chrXIII	808167	808367	tRNA-	0
chrXIII	810316	810516	protein_coding+	0.785
chrXIII	810627	810827	protein_coding-	1.6
chrXIII	810939	811139	protein_coding+	0
chrXIII	813830	814030	protein_coding-	0
chrXIII	815161	815361	protein_coding-	0
chrXIII	818431	818631	protein_coding-	0
chrXIII	818677	818877	protein_coding+	2.985
chrXIII	820106	820306	protein_coding+	3.62
chrXIII	822613	822813	protein_coding+	0
chrXIII	826201	826401	protein_coding-	0
chrXIII	831179	831379	protein_coding-	0
chrXIII	832189	832389	protein_coding+	0
chrXIII	834948	835148	protein_coding-	0.085
chrXIII	836717	836917	protein_coding-	0
chrXIII	837778	837978	tRNA+	0
chrXIII	837877	838077	trna+	0
chrXIII	838037	838237	protein_coding+	0
chrXIII	841541	841741	protein_coding-	0
chrXIII	841792	841992	protein_coding+	0
chrXIII	845195	845395	protein_coding-	0
chrXIII	845421	845621	protein_coding+	0
chrXIII	848535	848735	protein_coding+	0
chrXIII	851272	851472	protein_coding+	1.765
chrXIII	851441	851641	protein_coding-	0.085
chrXIII	852480	852680	protein_coding+	0.085
chrXIII	854645	854845	protein_coding+	0.31
chrXIII	856643	856843	protein_coding-	0
chrXIII	856816	857016	protein_coding+	0
chrXIII	858059	858259	protein_coding+	0
chrXIII	858740	858940	protein_coding-	2.355
chrXIII	860741	860941	protein_coding-	0.12
chrXIII	861772	861972	protein_coding+	0
chrXIII	863669	863869	protein_coding+	0
chrXIII	865200	865400	protein_coding-	0
chrXIII	866941	867141	protein_coding-	0.155
chrXIII	869477	869677	protein_coding-	0
chrXIII	872475	872675	protein_coding-	0.81
chrXIII	874187	874387	protein_coding-	0
chrXIII	874837	875037	protein_coding+	0
chrXIII	878980	879180	protein_coding-	3.425
chrXIII	880082	880282	protein_coding-	3.4
chrXIII	881009	881209	protein_coding+	0
chrXIII	886422	886622	protein_coding-	0
chrXIII	886853	887053	protein_coding+	22.865
chrXIII	887775	887975	protein_coding-	22.325
chrXIII	892071	892271	protein_coding-	0
chrXIII	895276	895476	protein_coding-	0.775
chrXIII	896519	896719	protein_coding-	0
chrXIII	897453	897653	protein_coding-	0
chrXIII	898255	898455	protein_coding+	0
chrXIII	901157	901357	protein_coding-	0
chrXIII	901559	901759	protein_coding+	1.155
chrXIII	902650	902850	protein_coding+	5.395
chrXIII	904136	904336	protein_coding+	0
chrXIII	904675	904875	protein_coding+	0
chrXIII	905823	906023	protein_coding-	0
chrXIII	907214	907414	protein_coding+	0
chrXIII	907479	907679	protein_coding-	0
chrXIII	911993	912193	protein_coding-	0.425
chrXIII	914388	914588	protein_coding-	4.85
chrXIII	916596	916796	protein_coding+	0
chrXIII	917746	917946	protein_coding-	0
chrXIII	918929	919129	protein_coding-	0
chrXIII	919938	920138	protein_coding+	0
chrXIII	922294	922494	protein_coding-	0
chrXIII	922491	922691	protein_coding+	0
chrXIII	923652	923852	protein_coding-	0
chrXIV	584	784	protein_coding+	0
chrXIV	1367	1567	protein_coding+	0
chrXIV	5948	6148	protein_coding-	0
chrXIV	6411	6611	protein_coding+	0
chrXIV	7015	7215	protein_coding+	0
chrXIV	8180	8380	protein_coding+	0
chrXIV	11302	11502	protein_coding+	0
chrXIV	12726	12926	protein_coding-	0
chrXIV	13117	13317	protein_coding+	0
chrXIV	14682	14882	protein_coding+	0
chrXIV	17098	17298	protein_coding-	0
chrXIV	19152	19352	protein_coding-	0.425
chrXIV	22483	22683	protein_coding-	0
chrXIV	23124	23324	protein_coding-	0
chrXIV	23898	24098	protein_coding+	2.735
chrXIV	28197	28397	protein_coding-	0
chrXIV	30900	31100	protein_coding+	0
chrXIV	31228	31428	protein_coding-	0
chrXIV	31794	31994	protein_coding+	0
chrXIV	34085	34285	protein_coding-	3.855
chrXIV	34546	34746	protein_coding+	0
chrXIV	37550	37750	protein_coding+	0.51
chrXIV	38492	38692	protein_coding+	0
chrXIV	40179	40379	protein_coding-	0
chrXIV	40469	40669	protein_coding+	0
chrXIV	42925	43125	protein_coding-	0
chrXIV	44130	44330	protein_coding-	0
chrXIV	44297	44497	protein_coding+	0
chrXIV	47872	48072	protein_coding-	0
chrXIV	48137	48337	protein_coding+	0
chrXIV	51538	51738	protein_coding-	3.205
chrXIV	52281	52481	protein_coding-	0.06
chrXIV	52512	52712	protein_coding+	0
chrXIV	55747	55947	protein_coding-	0
chrXIV	57423	57623	protein_coding-	0
chrXIV	58005	58205	protein_coding+	0
chrXIV	59641	59841	protein_coding-	0
chrXIV	60147	60347	protein_coding+	0
chrXIV	61360	61560	protein_coding+	0
chrXIV	62793	62993	protein_coding-	0
chrXIV	64412	64612	protein_coding-	7.05
chrXIV	65594	65794	protein_coding+	1.535
chrXIV	66367	66567	protein_coding+	1.54
chrXIV	68765	68965	protein_coding+	0
chrXIV	76123	76323	protein_coding+	0
chrXIV	76433	76633	protein_coding-	0
chrXIV	76796	76996	protein_coding+	0
chrXIV	80110	80310	protein_coding-	0
chrXIV	80490	80690	protein_coding+	0
chrXIV	82656	82856	protein_coding+	0
chrXIV	85665	85865	protein_coding-	0
chrXIV	86068	86268	protein_coding+	0
chrXIV	87747	87947	protein_coding+	1.41
chrXIV	89060	89260	snoRNA+	112.795
chrXIV	89159	89359	snorna+	112.795
chrXIV	90153	90353	protein_coding+	0
chrXIV	91844	92044	protein_coding+	0
chrXIV	95073	95273	protein_coding+	0
chrXIV	96023	96223	protein_coding+	0
chrXIV	96162	96362	tRNA-	0
chrXIV	102082	102282	transposable_element-	0
chrXIV	102566	102766	tRNA+	0
chrXIV	102665	102865	trna+	0
chrXIV	103952	104152	protein_coding-	0
chrXIV	104655	104855	tRNA+	0.275
chrXIV	104754	104954	trna+	0
chrXIV	106545	106745	protein_coding-	0
chrXIV	107537	107737	protein_coding+	0
chrXIV	108317	108517	protein_coding+	4.44
chrXIV	110261	110461	protein_coding-	0.8
chrXIV	110767	110967	protein_coding+	0
chrXIV	113121	113321	protein_coding+	0
chrXIV	116529	116729	protein_coding+	0
chrXIV	117199	117399	protein_coding+	0
chrXIV	118676	118876	protein_coding-	4.715
chrXIV	119118	119318	protein_coding+	0
chrXIV	122020	122220	protein_coding-	0
chrXIV	122733	122933	protein_coding+	0
chrXIV	128934	129134	protein_coding-	0
chrXIV	135233	135433	protein_coding-	0
chrXIV	137511	137711	protein_coding-	0
chrXIV	137549	137749	protein_coding+	0
chrXIV	138400	138600	protein_coding+	0
chrXIV	140728	140928	protein_coding+	0.085
chrXIV	144095	144295	protein_coding+	0.19
chrXIV	145131	145331	protein_coding-	0
chrXIV	146465	146665	protein_coding-	0
chrXIV	147690	147890	protein_coding-	0
chrXIV	148062	148262	protein_coding+	0
chrXIV	154950	155150	protein_coding+	0.035
chrXIV	157305	157505	protein_coding-	0
chrXIV	157715	157915	protein_coding-	1.72
chrXIV	160223	160423	protein_coding-	0
chrXIV	164170	164370	protein_coding-	0
chrXIV	164473	164673	protein_coding+	0
chrXIV	167640	167840	protein_coding-	6.31
chrXIV	169098	169298	protein_coding-	0.055
chrXIV	169868	170068	protein_coding+	0
chrXIV	172136	172336	protein_coding-	0
chrXIV	174165	174365	protein_coding-	66.625
chrXIV	175260	175460	protein_coding+	0
chrXIV	180872	181072	protein_coding-	0
chrXIV	182458	182658	protein_coding-	0.27
chrXIV	182725	182925	protein_coding+	0
chrXIV	185310	185510	protein_coding+	0
chrXIV	186735	186935	protein_coding-	6.64
chrXIV	187346	187546	protein_coding-	11.975
chrXIV	187901	188101	protein_coding+	0
chrXIV	191174	191374	protein_coding+	0
chrXIV	197793	197993	protein_coding-	10.65
chrXIV	199827	200027	protein_coding-	0
chrXIV	200419	200619	protein_coding+	0
chrXIV	202278	202478	protein_coding+	0
chrXIV	205038	205238	protein_coding+	0
chrXIV	206780	206980	protein_coding+	0
chrXIV	209829	210029	protein_coding-	0
chrXIV	210083	210283	protein_coding+	0
chrXIV	211772	211972	protein_coding+	0
chrXIV	214773	214973	protein_coding+	0
chrXIV	216892	217092	protein_coding-	3.81
chrXIV	218512	218712	protein_coding-	0
chrXIV	220051	220251	protein_coding-	0
chrXIV	220495	220695	protein_coding+	0.82
chrXIV	222089	222289	protein_coding+	0
chrXIV	222281	222481	protein_coding-	0
chrXIV	224319	224519	protein_coding-	0
chrXIV	226949	227149	protein_coding-	0
chrXIV	227220	227420	protein_coding+	0
chrXIV	228944	229144	protein_coding+	1.33
chrXIV	230522	230722	snRNA-	60.805
chrXIV	233545	233745	protein_coding-	0
chrXIV	234263	234463	protein_coding+	3.01
chrXIV	237513	237713	protein_coding-	0
chrXIV	238088	238288	protein_coding+	0
chrXIV	240181	240381	protein_coding+	3.105
chrXIV	241539	241739	protein_coding+	0
chrXIV	244318	244518	protein_coding+	0
chrXIV	245467	245667	protein_coding+	0
chrXIV	246954	247154	protein_coding-	0
chrXIV	247311	247511	protein_coding+	0
chrXIV	250165	250365	protein_coding-	0
chrXIV	250781	250981	protein_coding+	0
chrXIV	251909	252109	protein_coding+	7.635
chrXIV	254268	254468	protein_coding+	0.42
chrXIV	255203	255403	protein_coding+	0
chrXIV	258005	258205	protein_coding-	0
chrXIV	258427	258627	protein_coding-	0
chrXIV	259127	259327	protein_coding-	0
chrXIV	259428	259628	protein_coding+	0
chrXIV	259900	260100	protein_coding-	0
chrXIV	263053	263253	protein_coding-	0
chrXIV	264303	264503	protein_coding-	0
chrXIV	266380	266580	protein_coding-	0.15
chrXIV	266666	266866	protein_coding-	0
chrXIV	269443	269643	protein_coding-	2.3
chrXIV	271021	271221	protein_coding-	0
chrXIV	272158	272358	protein_coding-	0
chrXIV	273465	273665	protein_coding-	0
chrXIV	274218	274418	protein_coding+	0
chrXIV	276352	276552	protein_coding+	0
chrXIV	280282	280482	protein_coding+	0
chrXIV	282245	282445	protein_coding+	12.88
chrXIV	284110	284310	protein_coding+	0
chrXIV	286158	286358	protein_coding+	0
chrXIV	287844	288044	protein_coding+	0
chrXIV	289348	289548	protein_coding+	2.5
chrXIV	292519	292719	protein_coding-	0
chrXIV	292733	292933	protein_coding-	0
chrXIV	295359	295559	protein_coding-	0
chrXIV	297477	297677	protein_coding-	0
chrXIV	298185	298385	protein_coding+	0
chrXIV	300499	300699	protein_coding-	0
chrXIV	300953	301153	protein_coding-	0
chrXIV	302530	302730	protein_coding+	25.175
chrXIV	304465	304665	protein_coding-	0
chrXIV	306830	307030	protein_coding-	0
chrXIV	307924	308124	protein_coding+	0
chrXIV	308462	308662	protein_coding-	0
chrXIV	309907	310107	protein_coding-	0
chrXIV	310486	310686	protein_coding+	0
chrXIV	315828	316028	protein_coding+	0.5
chrXIV	315847	316047	protein_coding-	0.5
chrXIV	317521	317721	protein_coding-	6.32
chrXIV	318659	318859	protein_coding-	0
chrXIV	321209	321409	protein_coding-	0
chrXIV	323415	323615	protein_coding-	0
chrXIV	323682	323882	protein_coding+	0
chrXIV	326170	326370	protein_coding-	0
chrXIV	329923	330123	protein_coding-	0
chrXIV	330179	330379	protein_coding+	0
chrXIV	331172	331372	protein_coding+	4.71
chrXIV	332447	332647	protein_coding+	0
chrXIV	336395	336595	protein_coding+	2.18
chrXIV	339197	339397	protein_coding-	0
chrXIV	339462	339662	protein_coding+	0
chrXIV	340202	340402	protein_coding+	0.08
chrXIV	341818	342018	protein_coding-	0
chrXIV	342366	342566	protein_coding+	0
chrXIV	345126	345326	protein_coding-	0.26
chrXIV	345908	346108	protein_coding-	0
chrXIV	346163	346363	protein_coding+	0
chrXIV	348371	348571	protein_coding-	0
chrXIV	349101	349301	protein_coding+	0.525
chrXIV	349606	349806	protein_coding-	0.755
chrXIV	350521	350721	protein_coding-	0
chrXIV	350790	350990	protein_coding+	0
chrXIV	351430	351630	protein_coding-	0
chrXIV	351565	351765	protein_coding+	0
chrXIV	352264	352464	protein_coding+	0
chrXIV	352911	353111	protein_coding+	0
chrXIV	354892	355092	protein_coding-	0
chrXIV	357036	357236	protein_coding-	0.93
chrXIV	357303	357503	protein_coding+	14.13
chrXIV	359446	359646	protein_coding+	0
chrXIV	361336	361536	protein_coding-	0
chrXIV	365567	365767	protein_coding-	0
chrXIV	365883	366083	protein_coding+	0
chrXIV	366591	366791	protein_coding+	0.08
chrXIV	369905	370105	protein_coding-	0
chrXIV	370218	370418	protein_coding+	0
chrXIV	372076	372276	protein_coding-	3.375
chrXIV	373431	373631	protein_coding-	0.21
chrXIV	374542	374742	protein_coding-	0
chrXIV	374719	374919	tRNA+	0
chrXIV	374818	375018	trna+	0
chrXIV	375171	375371	protein_coding+	0
chrXIV	378617	378817	protein_coding+	1.235
chrXIV	380681	380881	protein_coding-	0.05
chrXIV	381241	381441	protein_coding-	0.465
chrXIV	381330	381530	protein_coding+	0.465
chrXIV	382209	382409	protein_coding+	0
chrXIV	383837	384037	protein_coding+	0
chrXIV	387077	387277	protein_coding+	0
chrXIV	392017	392217	protein_coding-	1.2
chrXIV	392742	392942	protein_coding+	0
chrXIV	394535	394735	protein_coding+	0.29
chrXIV	398220	398420	protein_coding-	0.14
chrXIV	400387	400587	protein_coding-	1.41
chrXIV	400890	401090	protein_coding+	0
chrXIV	401368	401568	protein_coding-	0
chrXIV	405414	405614	protein_coding-	0
chrXIV	406208	406408	protein_coding+	0
chrXIV	408191	408391	protein_coding+	0
chrXIV	411903	412103	protein_coding-	0
chrXIV	412621	412821	protein_coding+	0
chrXIV	412905	413105	protein_coding-	0
chrXIV	413489	413689	protein_coding+	4.62
chrXIV	417152	417352	protein_coding-	0.885
chrXIV	418338	418538	protein_coding-	0
chrXIV	418814	419014	protein_coding+	0
chrXIV	419676	419876	protein_coding-	0
chrXIV	419948	420148	protein_coding+	0
chrXIV	424005	424205	protein_coding+	0
chrXIV	424345	424545	protein_coding-	0
chrXIV	426569	426769	protein_coding+	28.27
chrXIV	426604	426804	protein_coding-	28.27
chrXIV	427585	427785	protein_coding+	1.87
chrXIV	429937	430137	protein_coding+	0
chrXIV	434849	435049	protein_coding+	0
chrXIV	437463	437663	protein_coding+	0
chrXIV	439133	439333	protein_coding-	0
chrXIV	440420	440620	protein_coding-	0.025
chrXIV	440769	440969	protein_coding-	0
chrXIV	441281	441481	protein_coding+	6.7
chrXIV	442208	442408	protein_coding-	0
chrXIV	442856	443056	tRNA+	0
chrXIV	442955	443155	trna+	0
chrXIV	444165	444365	protein_coding-	12.73
chrXIV	446690	446890	protein_coding-	0
chrXIV	447461	447661	protein_coding+	0
chrXIV	449718	449918	protein_coding+	0
chrXIV	450721	450921	protein_coding+	0
chrXIV	452258	452458	protein_coding+	0
chrXIV	456415	456615	protein_coding+	0.23
chrXIV	457019	457219	protein_coding-	0
chrXIV	457554	457754	protein_coding+	0
chrXIV	462261	462461	protein_coding+	0
chrXIV	466184	466384	protein_coding+	0.03
chrXIV	466981	467181	protein_coding+	0
chrXIV	470952	471152	protein_coding-	0
chrXIV	471227	471427	protein_coding+	0
chrXIV	473241	473441	protein_coding+	0
chrXIV	476469	476669	protein_coding-	3.295
chrXIV	477882	478082	protein_coding-	0
chrXIV	479015	479215	protein_coding-	4.425
chrXIV	479618	479818	protein_coding+	0.05
chrXIV	481241	481441	protein_coding+	1.585
chrXIV	483406	483606	protein_coding+	0
chrXIV	485457	485657	protein_coding+	0
chrXIV	487974	488174	protein_coding-	0
chrXIV	488236	488436	protein_coding+	0
chrXIV	490167	490367	protein_coding+	0
chrXIV	491373	491573	protein_coding+	0
chrXIV	493216	493416	protein_coding+	0
chrXIV	494851	495051	protein_coding-	0
chrXIV	498139	498339	protein_coding-	0
chrXIV	498388	498588	protein_coding+	0
chrXIV	499267	499467	protein_coding+	0
chrXIV	499531	499731	protein_coding+	35.495
chrXIV	501365	501565	protein_coding+	2.105
chrXIV	503574	503774	protein_coding+	0
chrXIV	506947	507147	protein_coding-	1.235
chrXIV	507608	507808	protein_coding+	0
chrXIV	510062	510262	protein_coding-	0
chrXIV	510390	510590	protein_coding+	0
chrXIV	514785	514985	protein_coding-	0
chrXIV	516253	516453	protein_coding+	0
chrXIV	516563	516763	protein_coding-	0
chrXIV	517099	517299	protein_coding+	0
chrXIV	518695	518895	protein_coding-	30.525
chrXIV	519015	519215	trna-	0
chrXIV	519019	519219	tRNA-	0
chrXIV	519306	519506	transposable_element+	0
chrXIV	525936	526136	protein_coding+	0
chrXIV	529792	529992	protein_coding+	0.89
chrXIV	531575	531775	protein_coding+	33.605
chrXIV	532509	532709	protein_coding+	0.38
chrXIV	534832	535032	protein_coding-	0
chrXIV	537761	537961	protein_coding-	0
chrXIV	538023	538223	protein_coding+	0
chrXIV	541731	541931	protein_coding-	0
chrXIV	542154	542354	protein_coding+	4.765
chrXIV	542813	543013	protein_coding+	4.23
chrXIV	545118	545318	protein_coding+	1.345
chrXIV	545759	545959	protein_coding-	3.185
chrXIV	546953	547153	tRNA+	9.315
chrXIV	547043	547243	trna+	11.58
chrXIV	547950	548150	protein_coding+	0.015
chrXIV	551837	552037	protein_coding-	0
chrXIV	553230	553430	protein_coding+	0
chrXIV	554898	555098	protein_coding+	0.105
chrXIV	556870	557070	protein_coding+	0
chrXIV	558852	559052	protein_coding-	18.74
chrXIV	559664	559864	protein_coding+	1.865
chrXIV	560615	560815	tRNA-	0.05
chrXIV	567965	568165	tRNA+	0.35
chrXIV	568064	568264	trna+	0
chrXIV	569541	569741	protein_coding-	0
chrXIV	569790	569990	tRNA-	0
chrXIV	570327	570527	protein_coding+	0
chrXIV	572849	573049	protein_coding+	0
chrXIV	574356	574556	protein_coding+	0
chrXIV	575900	576100	protein_coding-	188.535
chrXIV	576577	576777	protein_coding+	28.71
chrXIV	578529	578729	protein_coding+	0
chrXIV	578623	578823	protein_coding-	0
chrXIV	579430	579630	protein_coding+	0
chrXIV	581770	581970	protein_coding+	0
chrXIV	585141	585341	protein_coding-	0
chrXIV	585437	585637	snoRNA+	27.5
chrXIV	585536	585736	rnase_mrp_rna+	39.86
chrXIV	585940	586140	snoRNA+	70.275
chrXIV	586035	586235	snorna+	70.65
chrXIV	586670	586870	protein_coding-	1.51
chrXIV	587697	587897	protein_coding-	0
chrXIV	591010	591210	protein_coding-	0
chrXIV	592749	592949	protein_coding-	0
chrXIV	593077	593277	protein_coding+	0
chrXIV	597389	597589	protein_coding-	0
chrXIV	599080	599280	protein_coding-	0
chrXIV	601624	601824	protein_coding-	0
chrXIV	602162	602362	tRNA+	0
chrXIV	602261	602461	trna+	0.095
chrXIV	602326	602526	protein_coding-	0.095
chrXIV	602757	602957	protein_coding+	1.505
chrXIV	605234	605434	protein_coding+	0
chrXIV	606169	606369	protein_coding+	0
chrXIV	609360	609560	protein_coding-	0
chrXIV	609536	609736	protein_coding+	0
chrXIV	613020	613220	protein_coding-	0
chrXIV	613485	613685	protein_coding+	0.315
chrXIV	614671	614871	protein_coding+	0.015
chrXIV	618091	618291	protein_coding-	0
chrXIV	619415	619615	protein_coding-	0.635
chrXIV	619917	620117	protein_coding+	0
chrXIV	622278	622478	protein_coding-	0
chrXIV	622765	622965	protein_coding+	0
chrXIV	625679	625879	protein_coding-	0
chrXIV	626992	627192	protein_coding-	0
chrXIV	627306	627506	protein_coding+	0
chrXIV	630911	631111	protein_coding-	0.065
chrXIV	631113	631313	protein_coding+	0
chrXIV	631767	631967	tRNA-	0
chrXIV	632449	632649	tRNA+	0
chrXIV	632548	632748	trna+	0
chrXIV	633706	633906	protein_coding-	0.025
chrXIV	634270	634470	protein_coding+	0
chrXIV	635147	635347	protein_coding-	0
chrXIV	635793	635993	protein_coding+	0
chrXIV	636836	637036	protein_coding+	0
chrXIV	637185	637385	protein_coding-	0
chrXIV	639964	640164	protein_coding-	0
chrXIV	640246	640446	protein_coding+	0
chrXIV	642540	642740	protein_coding+	7.905
chrXIV	643594	643794	protein_coding+	1.38
chrXIV	646800	647000	protein_coding-	0
chrXIV	647282	647482	protein_coding+	0
chrXIV	651562	651762	protein_coding-	0
chrXIV	652315	652515	protein_coding+	0
chrXIV	653237	653437	protein_coding+	0
chrXIV	661224	661424	protein_coding-	2.05
chrXIV	662763	662963	protein_coding+	0
chrXIV	664120	664320	protein_coding+	0
chrXIV	665189	665389	protein_coding+	0
chrXIV	668072	668272	protein_coding-	0
chrXIV	668227	668427	protein_coding+	0
chrXIV	670043	670243	protein_coding-	0
chrXIV	670268	670468	protein_coding+	0
chrXIV	672259	672459	protein_coding+	0
chrXIV	672911	673111	protein_coding-	0
chrXIV	674539	674739	protein_coding-	0
chrXIV	674773	674973	protein_coding+	0
chrXIV	676027	676227	protein_coding+	0
chrXIV	678338	678538	protein_coding-	0
chrXIV	678649	678849	protein_coding+	0
chrXIV	685283	685483	protein_coding-	0
chrXIV	685860	686060	protein_coding+	0
chrXIV	687314	687514	protein_coding-	0
chrXIV	687485	687685	protein_coding+	0.1
chrXIV	690171	690371	protein_coding+	0
chrXIV	692411	692611	protein_coding+	0
chrXIV	693897	694097	protein_coding-	2.425
chrXIV	694672	694872	protein_coding-	4.245
chrXIV	695177	695377	protein_coding-	0
chrXIV	695445	695645	protein_coding+	0
chrXIV	699281	699481	protein_coding-	0
chrXIV	699540	699740	protein_coding+	0
chrXIV	701088	701288	protein_coding+	0
chrXIV	701509	701709	protein_coding-	0
chrXIV	701745	701945	protein_coding+	0.975
chrXIV	703549	703749	protein_coding+	0
chrXIV	705989	706189	protein_coding+	0
chrXIV	707638	707838	protein_coding+	1.075
chrXIV	708373	708573	protein_coding+	2.97
chrXIV	711480	711680	protein_coding+	0
chrXIV	713505	713705	protein_coding-	0
chrXIV	715238	715438	protein_coding-	0
chrXIV	715970	716170	snoRNA+	25.15
chrXIV	716066	716266	snorna+	49.215
chrXIV	718177	718377	protein_coding-	0
chrXIV	720497	720697	protein_coding-	0
chrXIV	722061	722261	snoRNA-	0
chrXIV	722962	723162	protein_coding-	7.725
chrXIV	724156	724356	protein_coding-	0
chrXIV	726067	726267	tRNA-	0
chrXIV	730036	730236	protein_coding-	0
chrXIV	733153	733353	protein_coding-	0
chrXIV	733919	734119	protein_coding-	0
chrXIV	734141	734341	protein_coding+	0
chrXIV	736653	736853	protein_coding+	0
chrXIV	739801	740001	protein_coding+	0
chrXIV	743390	743590	protein_coding-	0
chrXIV	745193	745393	protein_coding-	0
chrXIV	746793	746993	protein_coding+	0
chrXIV	749858	750058	protein_coding-	0
chrXIV	753550	753750	protein_coding-	0
chrXIV	754885	755085	protein_coding-	0
chrXIV	758949	759149	protein_coding-	2.305
chrXIV	760735	760935	protein_coding-	0
chrXIV	762442	762642	protein_coding-	0
chrXIV	765225	765425	protein_coding+	0
chrXIV	771318	771518	protein_coding-	0
chrXIV	772507	772707	protein_coding+	0
chrXIV	776150	776350	protein_coding-	0
chrXIV	778588	778788	protein_coding-	0
chrXIV	779766	779966	protein_coding+	0
chrXIV	781453	781653	protein_coding-	0
chrXIV	781768	781968	protein_coding+	0
chrXIV	783391	783591	protein_coding-	0
chrXV	435	635	protein_coding+	0
chrXV	1188	1388	protein_coding-	0
chrXV	1928	2128	protein_coding-	0
chrXV	3980	4180	protein_coding+	0
chrXV	6025	6225	protein_coding+	0
chrXV	9447	9647	protein_coding+	0
chrXV	9969	10169	protein_coding+	0
chrXV	11761	11961	protein_coding-	0
chrXV	14163	14363	protein_coding+	0
chrXV	15355	15555	protein_coding-	0
chrXV	17646	17846	protein_coding-	0
chrXV	21161	21361	protein_coding-	0.17
chrXV	24144	24344	protein_coding-	0
chrXV	25123	25323	protein_coding+	0
chrXV	26934	27134	protein_coding+	0
chrXV	31456	31656	protein_coding-	18.795
chrXV	34508	34708	protein_coding+	0
chrXV	40598	40798	protein_coding+	0
chrXV	43544	43744	protein_coding+	0
chrXV	44634	44834	protein_coding-	0
chrXV	44788	44988	protein_coding+	0
chrXV	47424	47624	protein_coding-	0.01
chrXV	48493	48693	protein_coding-	0
chrXV	48714	48914	protein_coding+	0
chrXV	52638	52838	protein_coding-	0
chrXV	52948	53148	protein_coding+	0
chrXV	54954	55154	protein_coding-	0.13
chrXV	55408	55608	protein_coding+	0
chrXV	56302	56502	protein_coding+	0
chrXV	58609	58809	protein_coding+	0
chrXV	60874	61074	protein_coding-	6.015
chrXV	65200	65400	protein_coding-	0
chrXV	65471	65671	protein_coding+	0
chrXV	68604	68804	protein_coding-	0.46
chrXV	69894	70094	protein_coding-	0
chrXV	70175	70375	protein_coding+	0
chrXV	70395	70595	protein_coding-	0.03
chrXV	71150	71350	protein_coding+	0
chrXV	72881	73081	protein_coding+	0
chrXV	74250	74450	protein_coding+	0
chrXV	77410	77610	protein_coding+	0
chrXV	79329	79529	protein_coding-	0
chrXV	80198	80398	protein_coding+	0.53
chrXV	82770	82970	protein_coding-	5.49
chrXV	83684	83884	protein_coding+	0
chrXV	86607	86807	protein_coding-	0
chrXV	87694	87894	protein_coding+	31.57
chrXV	91269	91469	protein_coding-	0
chrXV	92700	92900	protein_coding-	0
chrXV	94252	94452	protein_coding-	23.54
chrXV	96211	96411	protein_coding-	0
chrXV	96766	96966	protein_coding-	0
chrXV	97401	97601	protein_coding+	0.845
chrXV	99659	99859	protein_coding+	0
chrXV	101325	101525	protein_coding+	0
chrXV	103775	103975	protein_coding-	0
chrXV	104176	104376	protein_coding+	0
chrXV	106560	106760	protein_coding+	0
chrXV	108746	108946	protein_coding-	0
chrXV	109026	109226	protein_coding+	0
chrXV	110147	110347	protein_coding+	60.335
chrXV	110883	111083	tRNA-	16.355
chrXV	111736	111936	protein_coding-	0
chrXV	111952	112152	protein_coding+	0
chrXV	113076	113276	protein_coding+	0
chrXV	113652	113852	tRNA+	0
chrXV	113751	113951	trna+	0
chrXV	115658	115858	protein_coding-	0
chrXV	117304	117504	protein_coding-	0
chrXV	117850	118050	transposable_element+	0.715
chrXV	123851	124051	protein_coding+	0
chrXV	126539	126739	protein_coding-	0
chrXV	127770	127970	protein_coding-	0
chrXV	129087	129287	protein_coding+	0
chrXV	132358	132558	protein_coding-	0
chrXV	135688	135888	protein_coding-	1.19
chrXV	136033	136233	snoRNA-	13.825
chrXV	136070	136270	protein_coding+	13.825
chrXV	137675	137875	protein_coding-	0.11
chrXV	138895	139095	protein_coding-	0
chrXV	141197	141397	protein_coding-	0
chrXV	142405	142605	protein_coding-	0
chrXV	142665	142865	protein_coding+	0
chrXV	144054	144254	protein_coding+	0
chrXV	145184	145384	protein_coding+	0
chrXV	147232	147432	protein_coding+	0
chrXV	153340	153540	protein_coding-	0
chrXV	154595	154795	protein_coding-	0
chrXV	158487	158687	protein_coding-	0
chrXV	159023	159223	protein_coding+	0
chrXV	160444	160644	protein_coding-	114.05
chrXV	161429	161629	protein_coding+	0
chrXV	161864	162064	protein_coding-	0
chrXV	162206	162406	protein_coding+	0
chrXV	165564	165764	protein_coding+	0
chrXV	166451	166651	protein_coding-	0
chrXV	168577	168777	protein_coding+	0
chrXV	170920	171120	protein_coding+	0
chrXV	180907	181107	protein_coding+	0
chrXV	181277	181477	protein_coding-	0
chrXV	181532	181732	protein_coding+	0
chrXV	185288	185488	protein_coding+	8.22
chrXV	186573	186773	protein_coding-	0
chrXV	186874	187074	protein_coding+	0.125
chrXV	193392	193592	protein_coding-	0
chrXV	194650	194850	protein_coding-	0
chrXV	194820	195020	protein_coding+	0
chrXV	196357	196557	protein_coding+	0.56
chrXV	198575	198775	protein_coding-	0
chrXV	198792	198992	protein_coding+	0
chrXV	201729	201929	protein_coding-	1.115
chrXV	202368	202568	protein_coding-	3.54
chrXV	204321	204521	protein_coding-	0
chrXV	205735	205935	protein_coding-	0
chrXV	207026	207226	protein_coding-	0
chrXV	210115	210315	protein_coding-	0
chrXV	211845	212045	protein_coding-	0
chrXV	212094	212294	protein_coding+	0.125
chrXV	215987	216187	protein_coding-	0
chrXV	216976	217176	protein_coding+	0
chrXV	219061	219261	protein_coding+	0.5
chrXV	220617	220817	protein_coding+	0.715
chrXV	223118	223318	protein_coding+	0
chrXV	225925	226125	protein_coding-	0
chrXV	226531	226731	tRNA-	0
chrXV	228181	228381	tRNA+	0
chrXV	228280	228480	trna+	0
chrXV	228464	228664	protein_coding+	0
chrXV	229935	230135	protein_coding+	0
chrXV	231605	231805	protein_coding-	0
chrXV	233486	233686	protein_coding-	3.6
chrXV	234196	234396	snoRNA+	41.79
chrXV	234295	234495	snorna+	41.79
chrXV	234790	234990	protein_coding+	0
chrXV	238052	238252	protein_coding-	0
chrXV	238469	238669	protein_coding+	0
chrXV	241160	241360	protein_coding-	0
chrXV	242597	242797	protein_coding-	0
chrXV	243347	243547	protein_coding+	0
chrXV	243990	244190	protein_coding-	0
chrXV	247000	247200	protein_coding+	0
chrXV	249384	249584	protein_coding-	0
chrXV	249675	249875	protein_coding+	0
chrXV	252496	252696	protein_coding-	0
chrXV	253427	253627	protein_coding-	27.88
chrXV	254147	254347	protein_coding+	20.475
chrXV	254871	255071	protein_coding-	0.6
chrXV	255187	255387	protein_coding+	0.71
chrXV	256595	256795	protein_coding+	0
chrXV	256869	257069	protein_coding-	0
chrXV	258955	259155	protein_coding-	0
chrXV	259339	259539	snoRNA+	23.31
chrXV	259438	259638	snorna+	16.99
chrXV	259773	259973	protein_coding+	1.13
chrXV	263325	263525	protein_coding+	0
chrXV	265279	265479	protein_coding+	0
chrXV	267379	267579	protein_coding-	0
chrXV	268037	268237	protein_coding+	1.205
chrXV	270270	270470	protein_coding-	0
chrXV	271220	271420	protein_coding-	0
chrXV	273574	273774	protein_coding-	3.66
chrXV	274203	274403	protein_coding-	1.11
chrXV	274523	274723	tRNA+	0
chrXV	274622	274822	trna+	0
chrXV	274807	275007	protein_coding+	0
chrXV	276936	277136	protein_coding+	0
chrXV	277906	278106	protein_coding+	0
chrXV	281348	281548	protein_coding-	0
chrXV	282014	282214	tRNA+	0.145
chrXV	282113	282313	trna+	0.895
chrXV	285276	285476	protein_coding-	0
chrXV	286022	286222	protein_coding+	1.445
chrXV	288042	288242	tRNA+	12.275
chrXV	288141	288341	trna+	1.735
chrXV	288270	288470	protein_coding+	0
chrXV	288748	288948	protein_coding+	0.03
chrXV	291924	292124	protein_coding-	0
chrXV	292379	292579	protein_coding+	0
chrXV	295970	296170	protein_coding-	0
chrXV	296928	297128	protein_coding+	0
chrXV	299543	299743	protein_coding+	0
chrXV	300540	300740	protein_coding+	0
chrXV	300922	301122	protein_coding+	0
chrXV	301046	301246	trna+	0
chrXV	302885	303085	protein_coding-	0
chrXV	303833	304033	protein_coding-	5.18
chrXV	305199	305399	protein_coding+	8.83
chrXV	307788	307988	protein_coding+	0.67
chrXV	309989	310189	protein_coding-	0
chrXV	310162	310362	protein_coding+	0
chrXV	312217	312417	protein_coding-	0
chrXV	315237	315437	protein_coding-	0
chrXV	316025	316225	protein_coding-	11.815
chrXV	316788	316988	protein_coding+	0
chrXV	322844	323044	protein_coding-	0
chrXV	324214	324414	protein_coding-	0.14
chrXV	325099	325299	protein_coding+	0.055
chrXV	326682	326882	protein_coding+	0
chrXV	329267	329467	protein_coding+	1.94
chrXV	331305	331505	protein_coding+	0
chrXV	333442	333642	protein_coding+	0
chrXV	337193	337393	protein_coding-	0
chrXV	338471	338671	protein_coding-	0.985
chrXV	339828	340028	protein_coding-	0.845
chrXV	340221	340421	tRNA-	0
chrXV	342264	342464	protein_coding-	0.705
chrXV	342931	343131	protein_coding-	3.96
chrXV	343779	343979	protein_coding+	0
chrXV	344185	344385	protein_coding+	0
chrXV	346800	347000	protein_coding-	0
chrXV	349529	349729	protein_coding+	0
chrXV	353963	354163	tRNA-	0
chrXV	355502	355702	protein_coding+	0
chrXV	356393	356593	protein_coding+	0
chrXV	356601	356801	protein_coding+	0
chrXV	357524	357724	protein_coding+	0
chrXV	359843	360043	protein_coding+	0
chrXV	360934	361134	protein_coding-	0
chrXV	361262	361462	protein_coding+	0
chrXV	364219	364419	protein_coding+	0
chrXV	367977	368177	protein_coding+	0
chrXV	370694	370894	protein_coding-	36.72
chrXV	371535	371735	protein_coding+	0
chrXV	373289	373489	protein_coding-	0
chrXV	375707	375907	protein_coding-	0
chrXV	377562	377762	protein_coding-	0
chrXV	377697	377897	protein_coding+	0
chrXV	378069	378269	protein_coding+	0.315
chrXV	379631	379831	protein_coding+	4.96
chrXV	380903	381103	protein_coding+	2.085
chrXV	384270	384470	protein_coding-	0
chrXV	384450	384650	protein_coding+	0
chrXV	386675	386875	protein_coding+	0
chrXV	390925	391125	protein_coding-	0
chrXV	392026	392226	protein_coding+	0
chrXV	394374	394574	protein_coding-	0.37
chrXV	396936	397136	protein_coding-	0
chrXV	397518	397718	protein_coding-	0
chrXV	399954	400154	protein_coding-	0
chrXV	400198	400398	protein_coding+	0
chrXV	401405	401605	protein_coding+	0
chrXV	405238	405438	protein_coding-	0
chrXV	405618	405818	protein_coding+	0
chrXV	406914	407114	protein_coding+	0
chrXV	407984	408184	snoRNA-	68.605
chrXV	408275	408475	protein_coding+	0
chrXV	408639	408839	protein_coding-	0
chrXV	409714	409914	snoRNA-	14.05
chrXV	410720	410920	protein_coding+	0
chrXV	412857	413057	protein_coding+	0
chrXV	413702	413902	protein_coding+	1.47
chrXV	415757	415957	protein_coding-	0
chrXV	417531	417731	protein_coding-	0
chrXV	421500	421700	protein_coding-	0
chrXV	423582	423782	protein_coding-	0
chrXV	424467	424667	protein_coding-	0.34
chrXV	425934	426134	protein_coding-	0
chrXV	427074	427274	protein_coding-	6.865
chrXV	427667	427867	protein_coding+	0
chrXV	429328	429528	protein_coding+	0
chrXV	429707	429907	protein_coding-	0
chrXV	431476	431676	protein_coding-	0.09
chrXV	432036	432236	protein_coding+	0
chrXV	436195	436395	protein_coding-	0
chrXV	438493	438693	tRNA+	0
chrXV	438592	438792	trna+	1.88
chrXV	440108	440308	protein_coding-	0
chrXV	441013	441213	protein_coding-	0
chrXV	441384	441584	protein_coding+	0
chrXV	443381	443581	protein_coding-	0
chrXV	444536	444736	protein_coding+	48.725
chrXV	446588	446788	protein_coding-	0
chrXV	447289	447489	protein_coding+	0
chrXV	449286	449486	protein_coding+	0
chrXV	453312	453512	protein_coding-	0
chrXV	453618	453818	protein_coding+	0
chrXV	454063	454263	protein_coding-	0
chrXV	457670	457870	protein_coding-	0
chrXV	461126	461326	protein_coding-	0
chrXV	461352	461552	protein_coding+	0
chrXV	461641	461841	protein_coding+	0
chrXV	464309	464509	tRNA+	0
chrXV	464399	464599	trna+	0
chrXV	464621	464821	protein_coding+	0
chrXV	467240	467440	protein_coding+	0
chrXV	467439	467639	protein_coding-	0
chrXV	468062	468262	protein_coding+	0
chrXV	471470	471670	protein_coding-	0
chrXV	471749	471949	protein_coding+	0
chrXV	472575	472775	protein_coding+	2.625
chrXV	474266	474466	protein_coding-	0
chrXV	474444	474644	protein_coding+	0
chrXV	479038	479238	protein_coding-	0.12
chrXV	479383	479583	protein_coding+	1.315
chrXV	479487	479687	protein_coding-	5.025
chrXV	480437	480637	protein_coding+	0
chrXV	481883	482083	protein_coding+	0.215
chrXV	486629	486829	protein_coding-	0
chrXV	487289	487489	tRNA+	0
chrXV	487388	487588	trna+	0
chrXV	487557	487757	protein_coding+	0
chrXV	490678	490878	protein_coding-	0.315
chrXV	492691	492891	protein_coding-	0
chrXV	493283	493483	protein_coding+	0.76
chrXV	494977	495177	protein_coding+	2.405
chrXV	502302	502502	protein_coding-	0
chrXV	502645	502845	protein_coding+	0
chrXV	504178	504378	protein_coding-	0.185
chrXV	505644	505844	protein_coding+	12.76
chrXV	507355	507555	protein_coding-	0
chrXV	511028	511228	protein_coding-	0
chrXV	511675	511875	protein_coding+	0
chrXV	514128	514328	protein_coding-	0
chrXV	515094	515294	protein_coding+	0
chrXV	516273	516473	protein_coding+	1.165
chrXV	516691	516891	protein_coding-	0
chrXV	517492	517692	protein_coding+	0
chrXV	518045	518245	protein_coding+	0
chrXV	518971	519171	protein_coding+	0
chrXV	521203	521403	protein_coding+	0
chrXV	522877	523077	protein_coding+	1.41
chrXV	524664	524864	protein_coding-	0.23
chrXV	525128	525328	protein_coding+	0.075
chrXV	528791	528991	protein_coding+	0.585
chrXV	530279	530479	protein_coding+	0
chrXV	531358	531558	protein_coding+	0
chrXV	533925	534125	protein_coding+	0
chrXV	537420	537620	protein_coding+	0
chrXV	539315	539515	protein_coding-	0
chrXV	543995	544195	protein_coding-	0
chrXV	544879	545079	protein_coding+	0
chrXV	546707	546907	protein_coding+	0
chrXV	550096	550296	protein_coding-	0
chrXV	550964	551164	protein_coding+	0
chrXV	551953	552153	protein_coding-	5.25
chrXV	552737	552937	protein_coding-	3.765
chrXV	554420	554620	protein_coding-	0
chrXV	558492	558692	protein_coding-	0
chrXV	559581	559781	protein_coding-	0
chrXV	560527	560727	protein_coding-	0
chrXV	561020	561220	protein_coding+	0
chrXV	566041	566241	protein_coding-	0
chrXV	569408	569608	protein_coding-	0
chrXV	570657	570857	protein_coding-	0
chrXV	571808	572008	tRNA+	0
chrXV	571911	572111	trna+	0
chrXV	572688	572888	protein_coding-	0
chrXV	573025	573225	protein_coding+	0
chrXV	574948	575148	protein_coding+	5.04
chrXV	578414	578614	protein_coding+	0
chrXV	580100	580300	protein_coding+	1.345
chrXV	580350	580550	protein_coding-	5.165
chrXV	583531	583731	protein_coding-	0
chrXV	586174	586374	protein_coding-	0
chrXV	586831	587031	protein_coding+	0
chrXV	587192	587392	protein_coding-	0
chrXV	592437	592637	protein_coding-	0
chrXV	592907	593107	protein_coding+	0
chrXV	594275	594475	tRNA-	0.23
chrXV	594962	595162	transposable_element+	0
chrXV	602192	602392	protein_coding-	0
chrXV	604942	605142	protein_coding-	0.42
chrXV	605723	605923	protein_coding+	3.19
chrXV	606021	606221	protein_coding-	4.01
chrXV	606457	606657	protein_coding+	0
chrXV	609047	609247	protein_coding-	0
chrXV	611238	611438	protein_coding-	0
chrXV	611849	612049	protein_coding+	0
chrXV	616521	616721	protein_coding-	0
chrXV	618138	618338	protein_coding-	0
chrXV	619690	619890	protein_coding+	0.855
chrXV	624579	624779	protein_coding+	0
chrXV	627830	628030	protein_coding-	0
chrXV	630390	630590	protein_coding-	0
chrXV	631601	631801	protein_coding-	1.04
chrXV	632014	632214	protein_coding+	0
chrXV	633416	633616	protein_coding-	0
chrXV	633689	633889	protein_coding+	0
chrXV	637424	637624	protein_coding+	0
chrXV	637825	638025	protein_coding+	0
chrXV	638408	638608	protein_coding-	0
chrXV	639117	639317	protein_coding-	0
chrXV	641842	642042	protein_coding-	0
chrXV	642591	642791	protein_coding+	0.715
chrXV	644182	644382	protein_coding-	0
chrXV	644416	644616	protein_coding+	0
chrXV	648352	648552	protein_coding-	10.7
chrXV	648857	649057	protein_coding-	16.26
chrXV	649153	649353	protein_coding+	0
chrXV	651690	651890	protein_coding-	0
chrXV	651708	651908	protein_coding+	0
chrXV	653734	653934	protein_coding-	0
chrXV	654060	654260	protein_coding+	0
chrXV	657114	657314	protein_coding+	0
chrXV	658597	658797	protein_coding+	0
chrXV	661524	661724	protein_coding-	0
chrXV	662251	662451	protein_coding+	0
chrXV	663735	663935	tRNA-	0
chrXV	667029	667229	protein_coding-	0
chrXV	670091	670291	protein_coding-	0
chrXV	672261	672461	protein_coding-	0
chrXV	675017	675217	protein_coding-	0
chrXV	675789	675989	protein_coding+	0
chrXV	678643	678843	protein_coding-	0.74
chrXV	678722	678922	protein_coding+	0.23
chrXV	679207	679407	protein_coding+	0
chrXV	680716	680916	snoRNA-	3.03
chrXV	681956	682156	protein_coding-	0
chrXV	682961	683161	protein_coding+	0
chrXV	683388	683588	protein_coding-	0
chrXV	683880	684080	protein_coding+	0
chrXV	685617	685817	protein_coding+	0
chrXV	689474	689674	protein_coding+	0
chrXV	690545	690745	protein_coding+	0
chrXV	692325	692525	protein_coding+	0
chrXV	700417	700617	protein_coding-	0
chrXV	704074	704274	protein_coding-	0
chrXV	709582	709782	transposable_element-	0
chrXV	710051	710251	tRNA+	0.77
chrXV	710150	710350	trna+	0.58
chrXV	710296	710496	protein_coding+	0
chrXV	712393	712593	protein_coding-	0.265
chrXV	712716	712916	protein_coding+	0
chrXV	716687	716887	protein_coding-	0
chrXV	716936	717136	protein_coding+	0
chrXV	719915	720115	protein_coding-	0.04
chrXV	720031	720231	protein_coding+	0
chrXV	720267	720467	protein_coding+	2.04
chrXV	721558	721758	protein_coding-	0
chrXV	721796	721996	protein_coding+	0
chrXV	722415	722615	protein_coding+	0.695
chrXV	722761	722961	protein_coding+	0.93
chrXV	727084	727284	protein_coding-	0
chrXV	727362	727562	protein_coding+	0
chrXV	733307	733507	protein_coding-	0
chrXV	733775	733975	protein_coding+	0
chrXV	737576	737776	protein_coding-	0.005
chrXV	738170	738370	protein_coding+	0.89
chrXV	741419	741619	protein_coding-	0
chrXV	742760	742960	protein_coding+	0.765
chrXV	745131	745331	protein_coding-	0
chrXV	746153	746353	protein_coding-	0
chrXV	747132	747332	protein_coding-	0.05
chrXV	748829	749029	protein_coding-	0
chrXV	749151	749351	protein_coding+	0
chrXV	751745	751945	protein_coding-	0
chrXV	754859	755059	protein_coding-	0
chrXV	755178	755378	protein_coding+	0
chrXV	757408	757608	protein_coding-	0
chrXV	758180	758380	protein_coding+	7.715
chrXV	759379	759579	snoRNA-	44.84
chrXV	759632	759832	protein_coding+	0
chrXV	761115	761315	protein_coding-	2.15
chrXV	761242	761442	protein_coding+	1.125
chrXV	761934	762134	protein_coding-	1.98
chrXV	762675	762875	protein_coding+	1.35
chrXV	767627	767827	protein_coding-	0
chrXV	768259	768459	protein_coding+	0
chrXV	770650	770850	protein_coding+	0
chrXV	772451	772651	protein_coding+	0.06
chrXV	773213	773413	protein_coding-	0
chrXV	774423	774623	protein_coding+	0
chrXV	775696	775896	protein_coding+	0
chrXV	779255	779455	protein_coding-	0
chrXV	779720	779920	protein_coding+	0
chrXV	779957	780157	snoRNA+	113.23
chrXV	780056	780256	snorna+	145.765
chrXV	780212	780412	snorna+	197.525
chrXV	780756	780956	protein_coding+	183.745
chrXV	781844	782044	protein_coding+	0
chrXV	783527	783727	protein_coding+	0
chrXV	784707	784907	protein_coding+	0
chrXV	786845	787045	protein_coding+	0
chrXV	789707	789907	protein_coding-	0
chrXV	792091	792291	protein_coding-	0.255
chrXV	792381	792581	protein_coding+	0
chrXV	795182	795382	protein_coding-	0
chrXV	796643	796843	protein_coding-	1.295
chrXV	797526	797726	protein_coding+	13.88
chrXV	797863	798063	protein_coding+	26.19
chrXV	800581	800781	protein_coding-	0
chrXV	802157	802357	protein_coding-	0
chrXV	803314	803514	protein_coding-	0
chrXV	803517	803717	protein_coding+	0
chrXV	804227	804427	protein_coding+	0.09
chrXV	806873	807073	protein_coding-	0.53
chrXV	807121	807321	protein_coding+	0
chrXV	810533	810733	protein_coding-	0
chrXV	810858	811058	protein_coding+	0
chrXV	811521	811721	protein_coding+	0
chrXV	813558	813758	protein_coding-	8.815
chrXV	813834	814034	protein_coding+	0.38
chrXV	816781	816981	protein_coding-	0
chrXV	817142	817342	protein_coding+	0
chrXV	818716	818916	protein_coding+	0.205
chrXV	819014	819214	protein_coding-	0.615
chrXV	820304	820504	protein_coding+	5.41
chrXV	820873	821073	protein_coding+	0
chrXV	824717	824917	protein_coding-	0
chrXV	825782	825982	protein_coding-	0
chrXV	826235	826435	protein_coding+	0
chrXV	830424	830624	protein_coding-	0.025
chrXV	831892	832092	protein_coding-	0
chrXV	832182	832382	snoRNA+	152.23
chrXV	832281	832481	snorna+	241.035
chrXV	832663	832863	protein_coding+	37.24
chrXV	836281	836481	protein_coding-	0
chrXV	837524	837724	protein_coding+	0
chrXV	840919	841119	protein_coding-	0
chrXV	841183	841383	protein_coding+	0
chrXV	841673	841873	protein_coding-	19.905
chrXV	842032	842232	snoRNA-	17.21
chrXV	842253	842453	snoRNA+	36.36
chrXV	842352	842552	snorna+	37.035
chrXV	842667	842867	protein_coding+	51.855
chrXV	844480	844680	protein_coding-	0
chrXV	845642	845842	protein_coding-	0
chrXV	846850	847050	protein_coding+	0
chrXV	846979	847179	protein_coding-	0
chrXV	847303	847503	protein_coding+	0
chrXV	848328	848528	protein_coding+	0
chrXV	849485	849685	protein_coding+	0.04
chrXV	850130	850330	protein_coding+	0.915
chrXV	851689	851889	protein_coding-	0
chrXV	852927	853127	protein_coding-	0
chrXV	853207	853407	protein_coding+	0
chrXV	854109	854309	tRNA-	4.555
chrXV	860108	860308	protein_coding-	0.23
chrXV	861025	861225	protein_coding+	0
chrXV	866432	866632	protein_coding-	0
chrXV	866948	867148	protein_coding+	17.405
chrXV	867997	868197	protein_coding-	1.785
chrXV	868190	868390	protein_coding+	0.595
chrXV	869058	869258	protein_coding+	0
chrXV	870052	870252	protein_coding+	0
chrXV	875171	875371	protein_coding-	0
chrXV	875449	875649	protein_coding+	0
chrXV	877535	877735	protein_coding-	119.125
chrXV	878285	878485	protein_coding+	0
chrXV	880425	880625	protein_coding+	1.115
chrXV	880815	881015	protein_coding+	0
chrXV	882615	882815	protein_coding+	3.99
chrXV	882749	882949	protein_coding+	7.65
chrXV	884364	884564	protein_coding+	0
chrXV	888600	888800	protein_coding-	0
chrXV	888872	889072	protein_coding+	0
chrXV	891282	891482	protein_coding-	0
chrXV	893942	894142	protein_coding-	0
chrXV	896237	896437	protein_coding-	0
chrXV	896928	897128	protein_coding-	1.42
chrXV	898210	898410	protein_coding-	1.23
chrXV	899778	899978	protein_coding-	1.49
chrXV	900617	900817	protein_coding-	15.175
chrXV	902724	902924	protein_coding-	0
chrXV	902893	903093	protein_coding+	0
chrXV	904308	904508	protein_coding+	0
chrXV	904610	904810	protein_coding+	0.635
chrXV	907405	907605	protein_coding-	0.215
chrXV	907785	907985	protein_coding-	0
chrXV	909193	909393	protein_coding+	0
chrXV	912286	912486	protein_coding-	0
chrXV	912672	912872	protein_coding+	0
chrXV	914944	915144	protein_coding-	0
chrXV	915880	916080	protein_coding+	0
chrXV	920912	921112	protein_coding-	0.235
chrXV	922755	922955	protein_coding-	0
chrXV	924427	924627	protein_coding+	0
chrXV	924890	925090	protein_coding-	0
chrXV	925571	925771	protein_coding+	0.23
chrXV	930931	931131	protein_coding-	4.595
chrXV	931653	931853	protein_coding+	0
chrXV	939198	939398	protein_coding+	1.38
chrXV	939199	939399	protein_coding-	1.38
chrXV	943235	943435	protein_coding-	0
chrXV	943506	943706	protein_coding+	2.48
chrXV	943972	944172	protein_coding-	4.12
chrXV	944446	944646	protein_coding+	0
chrXV	944807	945007	protein_coding-	0
chrXV	946418	946618	protein_coding+	0.6
chrXV	948959	949159	protein_coding-	0.42
chrXV	949623	949823	protein_coding+	0
chrXV	954194	954394	protein_coding+	0
chrXV	956748	956948	protein_coding+	0
chrXV	958682	958882	protein_coding-	0
chrXV	960032	960232	protein_coding-	0
chrXV	960837	961037	protein_coding+	0
chrXV	967475	967675	protein_coding-	2.22
chrXV	968324	968524	protein_coding-	0
chrXV	970428	970628	transposable_element+	0
chrXV	976271	976471	tRNA+	1.53
chrXV	976370	976570	trna+	16.995
chrXV	977919	978119	protein_coding-	46.265
chrXV	980533	980733	tRNA+	0
chrXV	980632	980832	trna+	0
chrXV	981678	981878	protein_coding+	0
chrXV	982012	982212	protein_coding-	0
chrXV	986312	986512	protein_coding-	0
chrXV	988632	988832	protein_coding-	0
chrXV	989639	989839	protein_coding+	0
chrXV	994705	994905	protein_coding-	0
chrXV	996361	996561	protein_coding-	0
chrXV	997063	997263	protein_coding+	0
chrXV	1000678	1000878	protein_coding-	0
chrXV	1003075	1003275	protein_coding-	0
chrXV	1004987	1005187	protein_coding+	0
chrXV	1007071	1007271	protein_coding+	0
chrXV	1009562	1009762	protein_coding-	0
chrXV	1010011	1010211	protein_coding+	0
chrXV	1011039	1011239	protein_coding+	1.87
chrXV	1014671	1014871	protein_coding-	0
chrXV	1017502	1017702	protein_coding-	4.26
chrXV	1018596	1018796	protein_coding-	0.605
chrXV	1023062	1023262	protein_coding-	0
chrXV	1023221	1023421	protein_coding+	0
chrXV	1025106	1025306	protein_coding+	0
chrXV	1025422	1025622	protein_coding-	0
chrXV	1025857	1026057	protein_coding+	0
chrXV	1026693	1026893	protein_coding+	0
chrXV	1028475	1028675	protein_coding-	67.825
chrXV	1030844	1031044	protein_coding-	0.02
chrXV	1034032	1034232	protein_coding-	0
chrXV	1036321	1036521	protein_coding-	0
chrXV	1036684	1036884	protein_coding+	0
chrXV	1039690	1039890	protein_coding+	0
chrXV	1042892	1043092	protein_coding-	9.16
chrXV	1043041	1043241	protein_coding+	0.53
chrXV	1045046	1045246	protein_coding+	0
chrXV	1046076	1046276	protein_coding+	0
chrXV	1049361	1049561	protein_coding+	0
chrXV	1050914	1051114	protein_coding-	0
chrXV	1051140	1051340	protein_coding+	0
chrXV	1055395	1055595	protein_coding+	0
chrXV	1058273	1058473	protein_coding+	0
chrXV	1059381	1059581	protein_coding+	0
chrXV	1060905	1061105	protein_coding-	0
chrXV	1061414	1061614	protein_coding+	0
chrXV	1064893	1065093	protein_coding+	0
chrXV	1066689	1066889	protein_coding+	0
chrXV	1070091	1070291	protein_coding-	0
chrXV	1072773	1072973	protein_coding-	0
chrXV	1074063	1074263	protein_coding+	0
chrXV	1076634	1076834	protein_coding+	0
chrXV	1079108	1079308	protein_coding-	0
chrXV	1079132	1079332	protein_coding+	0
chrXV	1080126	1080326	protein_coding+	0
chrXV	1082568	1082768	protein_coding+	0
chrXV	1084219	1084419	protein_coding-	0
chrXV	1085323	1085523	protein_coding+	0
chrXV	1090347	1090547	protein_coding-	0
chrXVI	493	693	protein_coding+	0
chrXVI	1276	1476	protein_coding+	0
chrXVI	5857	6057	protein_coding-	0
chrXVI	8277	8477	protein_coding-	0
chrXVI	10720	10920	protein_coding-	0
chrXVI	11737	11937	protein_coding+	0
chrXVI	14205	14405	protein_coding-	0
chrXVI	15205	15405	protein_coding-	0
chrXVI	16718	16918	protein_coding-	0
chrXVI	17798	17998	pseudogene+	0
chrXVI	18219	18419	pseudogene+	0
chrXVI	22788	22988	protein_coding+	0.215
chrXVI	24937	25137	protein_coding+	1.13
chrXVI	28014	28214	protein_coding-	0
chrXVI	29929	30129	protein_coding+	0.755
chrXVI	30332	30532	protein_coding+	7.465
chrXVI	32863	33063	protein_coding+	0
chrXVI	35086	35286	protein_coding+	0
chrXVI	38019	38219	protein_coding+	0
chrXVI	38971	39171	protein_coding+	0
chrXVI	40893	41093	protein_coding+	4.23
chrXVI	44194	44394	protein_coding-	0
chrXVI	46356	46556	protein_coding-	0
chrXVI	47186	47386	protein_coding+	0
chrXVI	49153	49353	protein_coding+	0
chrXVI	49154	49354	protein_coding-	0
chrXVI	52521	52721	protein_coding-	0
chrXVI	52926	53126	srna+	0
chrXVI	55003	55203	protein_coding-	0
chrXVI	56124	56324	tRNA-	1.075
chrXVI	56598	56798	transposable_element+	0
chrXVI	63129	63329	protein_coding+	0
chrXVI	66464	66664	protein_coding-	14.985
chrXVI	67575	67775	protein_coding+	0
chrXVI	69335	69535	protein_coding+	0
chrXVI	72856	73056	protein_coding-	0
chrXVI	73475	73675	protein_coding+	0
chrXVI	73731	73931	protein_coding-	0
chrXVI	74569	74769	protein_coding-	6.83
chrXVI	75552	75752	protein_coding+	40.5
chrXVI	76089	76289	protein_coding-	20.465
chrXVI	79203	79403	protein_coding-	0
chrXVI	82206	82406	protein_coding-	0
chrXVI	84046	84246	protein_coding-	0
chrXVI	85147	85347	protein_coding-	0
chrXVI	85436	85636	protein_coding+	2.29
chrXVI	87883	88083	protein_coding-	0
chrXVI	88367	88567	protein_coding+	0
chrXVI	94959	95159	protein_coding-	0
chrXVI	96108	96308	protein_coding-	0
chrXVI	98475	98675	protein_coding-	0
chrXVI	99334	99534	protein_coding+	0
chrXVI	100346	100546	protein_coding+	1.105
chrXVI	100713	100913	protein_coding-	0.25
chrXVI	102552	102752	protein_coding-	0
chrXVI	103082	103282	protein_coding+	0
chrXVI	105290	105490	protein_coding-	0
chrXVI	106022	106222	protein_coding+	0
chrXVI	107125	107325	protein_coding+	0
chrXVI	108502	108702	protein_coding+	0.22
chrXVI	115162	115362	protein_coding+	0
chrXVI	116917	117117	protein_coding+	0
chrXVI	118232	118432	protein_coding+	0
chrXVI	121017	121217	protein_coding-	0
chrXVI	121617	121817	protein_coding+	0.415
chrXVI	125856	126056	protein_coding+	0
chrXVI	127938	128138	protein_coding-	0
chrXVI	128988	129188	protein_coding-	0
chrXVI	130012	130212	protein_coding+	0
chrXVI	131965	132165	protein_coding-	12.255
chrXVI	132893	133093	protein_coding+	2.14
chrXVI	135640	135840	protein_coding+	6.39
chrXVI	136600	136800	protein_coding+	13.25
chrXVI	138548	138748	protein_coding+	0.065
chrXVI	143021	143221	protein_coding-	0
chrXVI	143671	143871	protein_coding+	0
chrXVI	147266	147466	protein_coding+	1.215
chrXVI	150041	150241	protein_coding-	0
chrXVI	150464	150664	protein_coding+	0
chrXVI	152999	153199	protein_coding-	0
chrXVI	153345	153545	protein_coding+	0
chrXVI	156062	156262	protein_coding-	1.31
chrXVI	157443	157643	protein_coding-	0
chrXVI	157692	157892	protein_coding+	0
chrXVI	159759	159959	protein_coding+	0
chrXVI	163447	163647	protein_coding-	0
chrXVI	164116	164316	protein_coding-	0.9
chrXVI	164126	164326	protein_coding+	0.9
chrXVI	166106	166306	protein_coding+	0
chrXVI	169188	169388	protein_coding-	0
chrXVI	171005	171205	protein_coding-	0
chrXVI	171334	171534	protein_coding+	0
chrXVI	172605	172805	protein_coding-	0
chrXVI	173002	173202	protein_coding+	2.73
chrXVI	173677	173877	snoRNA+	0
chrXVI	173772	173972	snorna+	0
chrXVI	173776	173976	srna+	0
chrXVI	174606	174806	protein_coding-	0.445
chrXVI	174893	175093	protein_coding+	0.565
chrXVI	176073	176273	protein_coding+	0
chrXVI	179127	179327	protein_coding+	0
chrXVI	181253	181453	protein_coding+	0
chrXVI	182906	183106	protein_coding-	0
chrXVI	184529	184729	protein_coding-	0.005
chrXVI	187575	187775	protein_coding-	2.76
chrXVI	188363	188563	protein_coding-	0.505
chrXVI	189004	189204	protein_coding+	0
chrXVI	191256	191456	protein_coding+	0
chrXVI	193498	193698	protein_coding+	69.005
chrXVI	195103	195303	protein_coding+	0
chrXVI	195276	195476	protein_coding-	0
chrXVI	197638	197838	protein_coding-	0
chrXVI	198945	199145	protein_coding+	0.495
chrXVI	202386	202586	protein_coding-	0
chrXVI	203271	203471	protein_coding+	0
chrXVI	203539	203739	protein_coding-	0
chrXVI	205098	205298	protein_coding+	0.04
chrXVI	208007	208207	protein_coding+	2.195
chrXVI	210113	210313	tRNA-	1.705
chrXVI	212008	212208	protein_coding+	0.005
chrXVI	213812	214012	protein_coding-	7.165
chrXVI	218213	218413	protein_coding-	0
chrXVI	218480	218680	protein_coding+	0
chrXVI	222623	222823	protein_coding-	0
chrXVI	222993	223193	protein_coding+	0
chrXVI	225591	225791	protein_coding-	0
chrXVI	227221	227421	protein_coding-	0
chrXVI	228164	228364	protein_coding+	0
chrXVI	230688	230888	protein_coding-	0
chrXVI	231067	231267	protein_coding+	0
chrXVI	236957	237157	protein_coding-	0
chrXVI	237188	237388	protein_coding+	0
chrXVI	238927	239127	protein_coding-	0
chrXVI	241347	241547	protein_coding-	0
chrXVI	242550	242750	protein_coding-	1.895
chrXVI	243877	244077	protein_coding-	0.21
chrXVI	246070	246270	protein_coding-	0
chrXVI	246840	247040	protein_coding+	0.135
chrXVI	251518	251718	protein_coding-	0
chrXVI	254160	254360	protein_coding-	0.38
chrXVI	254664	254864	protein_coding+	0
chrXVI	256617	256817	protein_coding-	0.5
chrXVI	259186	259386	protein_coding-	0
chrXVI	260781	260981	protein_coding-	0
chrXVI	264042	264242	protein_coding-	0
chrXVI	264452	264652	protein_coding+	0
chrXVI	264878	265078	protein_coding+	0
chrXVI	267385	267585	protein_coding-	0
chrXVI	268038	268238	protein_coding+	0.12
chrXVI	271160	271360	protein_coding+	0
chrXVI	272665	272865	protein_coding-	0
chrXVI	273105	273305	protein_coding+	0
chrXVI	277379	277579	protein_coding-	0
chrXVI	279549	279749	protein_coding-	0
chrXVI	280330	280530	protein_coding+	0
chrXVI	281238	281438	snorna-	38.445
chrXVI	281367	281567	snoRNA-	21.725
chrXVI	281972	282172	protein_coding+	0
chrXVI	282853	283053	protein_coding-	9.855
chrXVI	285911	286111	protein_coding-	0
chrXVI	288884	289084	protein_coding-	0
chrXVI	290901	291101	protein_coding-	0
chrXVI	292277	292477	protein_coding-	0
chrXVI	296136	296336	protein_coding+	0
chrXVI	296497	296697	protein_coding-	0.48
chrXVI	297403	297603	protein_coding+	7.985
chrXVI	297701	297901	protein_coding-	29.665
chrXVI	299353	299553	protein_coding-	0
chrXVI	301078	301278	protein_coding-	0
chrXVI	301566	301766	protein_coding+	0
chrXVI	302971	303171	protein_coding+	20.68
chrXVI	304237	304437	protein_coding+	0
chrXVI	305148	305348	protein_coding+	0
chrXVI	308071	308271	protein_coding-	0
chrXVI	309454	309654	protein_coding-	1.58
chrXVI	310060	310260	protein_coding+	0
chrXVI	313238	313438	protein_coding+	0
chrXVI	316605	316805	protein_coding+	0
chrXVI	318795	318995	protein_coding-	0
chrXVI	320617	320817	protein_coding-	0
chrXVI	321480	321680	protein_coding-	0
chrXVI	321921	322121	protein_coding+	0
chrXVI	324137	324337	protein_coding-	0
chrXVI	326114	326314	protein_coding-	0
chrXVI	326478	326678	protein_coding+	0.005
chrXVI	328580	328780	protein_coding-	0.435
chrXVI	329456	329656	protein_coding+	0
chrXVI	335336	335536	protein_coding-	0
chrXVI	335798	335998	protein_coding+	0.485
chrXVI	336993	337193	protein_coding-	0
chrXVI	338470	338670	protein_coding-	0
chrXVI	338769	338969	tRNA-	0
chrXVI	339794	339994	protein_coding+	0.065
chrXVI	344589	344789	protein_coding-	0
chrXVI	347239	347439	protein_coding-	0
chrXVI	348296	348496	protein_coding+	0
chrXVI	348969	349169	protein_coding+	0
chrXVI	352125	352325	protein_coding-	4.3
chrXVI	355262	355462	protein_coding-	1.83
chrXVI	355550	355750	protein_coding+	0
chrXVI	359256	359456	protein_coding-	0
chrXVI	360059	360259	protein_coding+	0
chrXVI	360155	360355	protein_coding-	0
chrXVI	361722	361922	protein_coding+	0.27
chrXVI	363918	364118	protein_coding-	0
chrXVI	364577	364777	protein_coding-	0.23
chrXVI	364802	365002	protein_coding+	0
chrXVI	366585	366785	protein_coding-	1.6
chrXVI	366777	366977	protein_coding+	0
chrXVI	369291	369491	protein_coding-	0
chrXVI	370513	370713	protein_coding-	0.555
chrXVI	370828	371028	protein_coding+	0.995
chrXVI	373643	373843	protein_coding+	0
chrXVI	375352	375552	protein_coding+	0
chrXVI	378245	378445	protein_coding-	0.08
chrXVI	381000	381200	protein_coding-	0
chrXVI	381815	382015	protein_coding+	0.165
chrXVI	383305	383505	protein_coding+	0
chrXVI	386296	386496	protein_coding-	0
chrXVI	386917	387117	protein_coding+	0
chrXVI	393888	394088	protein_coding+	0.295
chrXVI	397955	398155	protein_coding-	0
chrXVI	403933	404133	protein_coding-	0
chrXVI	404800	405000	protein_coding+	2.5
chrXVI	406348	406548	protein_coding-	0.055
chrXVI	406486	406686	protein_coding+	0
chrXVI	408594	408794	protein_coding-	0
chrXVI	409940	410140	protein_coding-	0
chrXVI	410293	410493	protein_coding+	0
chrXVI	412104	412304	protein_coding+	0
chrXVI	415613	415813	protein_coding+	0.02
chrXVI	418362	418562	protein_coding+	0
chrXVI	418834	419034	protein_coding-	0
chrXVI	420368	420568	protein_coding-	0
chrXVI	420798	420998	protein_coding+	0
chrXVI	423742	423942	protein_coding-	0
chrXVI	424946	425146	protein_coding-	0
chrXVI	425697	425897	protein_coding-	0
chrXVI	426083	426283	protein_coding+	0.56
chrXVI	427777	427977	protein_coding+	0
chrXVI	429466	429666	protein_coding-	0
chrXVI	429789	429989	protein_coding+	0
chrXVI	431745	431945	protein_coding+	0
chrXVI	432438	432638	protein_coding+	33.98
chrXVI	434373	434573	protein_coding+	1.15
chrXVI	435814	436014	tRNA-	0
chrXVI	442592	442792	transposable_element-	0
chrXVI	444429	444629	protein_coding+	0
chrXVI	450227	450427	protein_coding-	0
chrXVI	452907	453107	protein_coding-	0.95
chrXVI	453585	453785	protein_coding-	0
chrXVI	454840	455040	protein_coding-	0.335
chrXVI	455609	455809	protein_coding+	0
chrXVI	458308	458508	protein_coding-	0
chrXVI	458649	458849	protein_coding+	0
chrXVI	459813	460013	protein_coding+	0
chrXVI	461816	462016	protein_coding-	0.29
chrXVI	463689	463889	protein_coding-	3.51
chrXVI	464251	464451	protein_coding+	0.8
chrXVI	465812	466012	protein_coding+	1.015
chrXVI	466793	466993	protein_coding-	0
chrXVI	467110	467310	protein_coding+	0
chrXVI	469789	469989	protein_coding+	0
chrXVI	470324	470524	protein_coding-	0.42
chrXVI	474557	474757	protein_coding-	0
chrXVI	475591	475791	protein_coding-	1.165
chrXVI	478851	479051	protein_coding-	0
chrXVI	479075	479275	protein_coding+	0
chrXVI	480032	480232	protein_coding+	0
chrXVI	480385	480585	protein_coding+	0
chrXVI	481751	481951	protein_coding-	32.435
chrXVI	482693	482893	protein_coding+	0
chrXVI	486562	486762	protein_coding+	0
chrXVI	486761	486961	protein_coding-	0
chrXVI	488057	488257	protein_coding-	0
chrXVI	491214	491414	protein_coding-	3.17
chrXVI	492887	493087	protein_coding-	0.14
chrXVI	493393	493593	protein_coding+	0
chrXVI	495356	495556	protein_coding+	0
chrXVI	497946	498146	protein_coding+	3.98
chrXVI	499515	499715	protein_coding+	0
chrXVI	502033	502233	protein_coding-	1.25
chrXVI	502880	503080	protein_coding-	0
chrXVI	503367	503567	protein_coding+	0
chrXVI	506162	506362	protein_coding-	0
chrXVI	506547	506747	protein_coding+	0
chrXVI	510951	511151	protein_coding+	0
chrXVI	514028	514228	protein_coding-	0
chrXVI	516868	517068	protein_coding-	0.41
chrXVI	517501	517701	protein_coding+	1.105
chrXVI	520083	520283	protein_coding-	0
chrXVI	520864	521064	protein_coding+	0
chrXVI	526733	526933	protein_coding-	0
chrXVI	527397	527597	protein_coding+	0
chrXVI	529200	529400	protein_coding-	2.47
chrXVI	529573	529773	protein_coding+	0
chrXVI	534553	534753	protein_coding-	0.085
chrXVI	534868	535068	protein_coding+	0.31
chrXVI	538786	538986	protein_coding-	0
chrXVI	539235	539435	protein_coding+	0
chrXVI	543698	543898	protein_coding-	0
chrXVI	544481	544681	protein_coding+	0
chrXVI	548336	548536	protein_coding+	0
chrXVI	551507	551707	protein_coding-	7.075
chrXVI	551870	552070	protein_coding+	0
chrXVI	554178	554378	protein_coding-	0
chrXVI	554455	554655	protein_coding+	0
chrXVI	556227	556427	protein_coding+	0
chrXVI	558235	558435	protein_coding+	0
chrXVI	560139	560339	tRNA-	0
chrXVI	560616	560816	protein_coding-	0
chrXVI	563618	563818	protein_coding-	0.13
chrXVI	564891	565091	protein_coding-	0.08
chrXVI	566521	566721	protein_coding-	0
chrXVI	568846	569046	protein_coding-	0
chrXVI	571228	571428	protein_coding-	0
chrXVI	572119	572319	tRNA+	0
chrXVI	572218	572418	trna+	0
chrXVI	572868	573068	protein_coding+	0.235
chrXVI	576402	576602	protein_coding+	0
chrXVI	581046	581246	protein_coding-	4.445
chrXVI	581912	582112	tRNA+	1.7
chrXVI	582011	582211	trna+	1.3
chrXVI	582584	582784	protein_coding-	0
chrXVI	583892	584092	protein_coding-	0
chrXVI	584159	584359	protein_coding+	0
chrXVI	585435	585635	protein_coding-	0
chrXVI	587368	587568	protein_coding-	0
chrXVI	588947	589147	srna+	0
chrXVI	590876	591076	protein_coding-	0
chrXVI	592919	593119	protein_coding-	4.61
chrXVI	592946	593146	protein_coding+	4.61
chrXVI	593767	593967	protein_coding-	0
chrXVI	594326	594526	protein_coding+	0
chrXVI	596600	596800	protein_coding+	0
chrXVI	599720	599920	protein_coding+	0
chrXVI	603207	603407	protein_coding-	0
chrXVI	607162	607362	protein_coding-	0
chrXVI	609881	610081	protein_coding-	0.31
chrXVI	610331	610531	protein_coding+	0.39
chrXVI	614408	614608	protein_coding-	0
chrXVI	615229	615429	protein_coding+	0
chrXVI	621108	621308	protein_coding-	0
chrXVI	622481	622681	tRNA-	0
chrXVI	623377	623577	protein_coding+	1.62
chrXVI	626817	627017	protein_coding-	0
chrXVI	627730	627930	protein_coding+	0
chrXVI	631365	631565	protein_coding+	0
chrXVI	633973	634173	protein_coding+	0
chrXVI	638869	639069	protein_coding-	0.965
chrXVI	639375	639575	protein_coding+	0
chrXVI	642058	642258	protein_coding+	2.455
chrXVI	643686	643886	protein_coding+	0
chrXVI	645800	646000	protein_coding+	21.51
chrXVI	646686	646886	protein_coding+	0
chrXVI	646862	647062	protein_coding+	0
chrXVI	646888	647088	protein_coding-	0
chrXVI	647155	647355	protein_coding+	0
chrXVI	648554	648754	protein_coding+	0
chrXVI	653512	653712	protein_coding-	0
chrXVI	654016	654216	protein_coding+	5.5
chrXVI	654727	654927	protein_coding-	42.69
chrXVI	656402	656602	protein_coding-	0.635
chrXVI	656649	656849	protein_coding+	0
chrXVI	657379	657579	protein_coding+	0
chrXVI	659032	659232	protein_coding+	0
chrXVI	664523	664723	protein_coding-	0
chrXVI	664810	665010	protein_coding+	0
chrXVI	665216	665416	protein_coding-	11.775
chrXVI	665824	666024	protein_coding-	32.915
chrXVI	666093	666293	protein_coding-	1.245
chrXVI	666130	666330	protein_coding+	0
chrXVI	667526	667726	protein_coding+	0
chrXVI	670976	671176	protein_coding+	0
chrXVI	672321	672521	protein_coding+	0.145
chrXVI	673601	673801	protein_coding+	0
chrXVI	674550	674750	protein_coding-	1.425
chrXVI	675481	675681	protein_coding-	0
chrXVI	676732	676932	protein_coding-	0
chrXVI	677015	677215	protein_coding+	0
chrXVI	678170	678370	protein_coding-	0
chrXVI	678801	679001	protein_coding+	0
chrXVI	679543	679743	protein_coding+	0.86
chrXVI	681063	681263	protein_coding+	1.71
chrXVI	682070	682270	protein_coding+	1.405
chrXVI	684203	684403	protein_coding-	0
chrXVI	685287	685487	protein_coding-	0.96
chrXVI	685748	685948	protein_coding+	0
chrXVI	688022	688222	protein_coding+	0
chrXVI	689415	689615	tRNA+	0
chrXVI	689514	689714	trna+	0
chrXVI	689957	690157	protein_coding+	0
chrXVI	692268	692468	protein_coding-	0
chrXVI	694688	694888	protein_coding-	30.43
chrXVI	694868	695068	protein_coding+	9.52
chrXVI	696326	696526	protein_coding+	0
chrXVI	696669	696869	protein_coding-	0
chrXVI	697352	697552	protein_coding-	0
chrXVI	698115	698315	protein_coding-	0
chrXVI	698719	698919	protein_coding+	0
chrXVI	700444	700644	protein_coding+	110.845
chrXVI	703820	704020	protein_coding-	0
chrXVI	704506	704706	protein_coding-	0
chrXVI	704704	704904	protein_coding+	0
chrXVI	706822	707022	protein_coding+	0
chrXVI	709678	709878	protein_coding-	0
chrXVI	709951	710151	protein_coding+	0
chrXVI	711204	711404	protein_coding+	0
chrXVI	712878	713078	protein_coding-	0.37
chrXVI	713125	713325	protein_coding+	0
chrXVI	718229	718429	protein_coding+	1.795
chrXVI	718318	718518	protein_coding-	11.6
chrXVI	718656	718856	snoRNA-	37.865
chrXVI	718900	719100	snoRNA-	62.815
chrXVI	719092	719292	snoRNA-	59.885
chrXVI	720274	720474	protein_coding-	0
chrXVI	720487	720687	protein_coding+	0
chrXVI	724567	724767	protein_coding-	0
chrXVI	724994	725194	protein_coding-	0
chrXVI	725244	725444	protein_coding+	0
chrXVI	729378	729578	protein_coding-	0
chrXVI	729641	729841	protein_coding+	0
chrXVI	729963	730163	protein_coding-	0.785
chrXVI	730342	730542	protein_coding+	2.26
chrXVI	731598	731798	protein_coding-	17.975
chrXVI	732199	732399	protein_coding+	0
chrXVI	736283	736483	protein_coding-	0
chrXVI	739419	739619	protein_coding-	0
chrXVI	739911	740111	protein_coding+	0.505
chrXVI	741914	742114	protein_coding-	0
chrXVI	742304	742504	protein_coding+	0.13
chrXVI	744079	744279	protein_coding+	0
chrXVI	744233	744433	trna+	0
chrXVI	744539	744739	protein_coding+	0
chrXVI	746685	746885	protein_coding-	0.44
chrXVI	747156	747356	protein_coding+	0
chrXVI	751769	751969	protein_coding-	0
chrXVI	752107	752307	protein_coding+	1.31
chrXVI	753151	753351	protein_coding+	0.835
chrXVI	754727	754927	protein_coding+	0
chrXVI	758498	758698	protein_coding+	0
chrXVI	759875	760075	protein_coding+	0
chrXVI	767602	767802	protein_coding+	0
chrXVI	769152	769352	tRNA-	0
chrXVI	771503	771703	protein_coding+	2.2
chrXVI	775032	775232	protein_coding-	0
chrXVI	775686	775886	tRNA-	0
chrXVI	778433	778633	protein_coding+	0
chrXVI	781895	782095	protein_coding+	0
chrXVI	786058	786258	protein_coding+	0.355
chrXVI	786425	786625	protein_coding-	0.22
chrXVI	787811	788011	protein_coding+	0
chrXVI	789235	789435	protein_coding-	0
chrXVI	789933	790133	protein_coding+	0
chrXVI	792054	792254	protein_coding-	0
chrXVI	792537	792737	protein_coding+	0
chrXVI	793631	793831	protein_coding-	0.06
chrXVI	794348	794548	protein_coding-	0
chrXVI	794815	795015	protein_coding+	5.925
chrXVI	797060	797260	protein_coding-	0
chrXVI	797407	797607	protein_coding+	1.16
chrXVI	797901	798101	protein_coding+	0.625
chrXVI	799084	799284	protein_coding+	0
chrXVI	802209	802409	protein_coding+	0
chrXVI	802687	802887	protein_coding-	0.055
chrXVI	810119	810319	transposable_element-	0
chrXVI	810526	810726	tRNA+	30.09
chrXVI	810625	810825	trna+	28.69
chrXVI	812303	812503	protein_coding-	14.05
chrXVI	813908	814108	protein_coding-	0
chrXVI	814241	814441	protein_coding+	0
chrXVI	817773	817973	protein_coding-	0
chrXVI	818173	818373	protein_coding+	0
chrXVI	818543	818743	protein_coding-	0
chrXVI	819379	819579	tRNA+	0
chrXVI	819478	819678	trna+	1.905
chrXVI	821273	821473	protein_coding-	0
chrXVI	821582	821782	snoRNA+	57.3
chrXVI	821681	821881	snorna+	57.3
chrXVI	822470	822670	protein_coding+	10.48
chrXVI	824776	824976	protein_coding-	0
chrXVI	825526	825726	protein_coding-	0
chrXVI	826409	826609	protein_coding-	0
chrXVI	827990	828190	protein_coding-	0
chrXVI	829768	829968	protein_coding+	7.445
chrXVI	830849	831049	protein_coding+	7.08
chrXVI	831525	831725	protein_coding-	0
chrXVI	833308	833508	protein_coding-	0
chrXVI	833539	833739	protein_coding+	0
chrXVI	834415	834615	protein_coding+	0
chrXVI	837263	837463	protein_coding-	0
chrXVI	839627	839827	protein_coding-	3.39
chrXVI	841116	841316	protein_coding+	0
chrXVI	843112	843312	protein_coding+	2.295
chrXVI	844559	844759	transposable_element+	0
chrXVI	856107	856307	transposable_element-	0
chrXVI	856752	856952	tRNA+	0
chrXVI	856851	857051	trna+	0
chrXVI	857433	857633	protein_coding+	1.635
chrXVI	860229	860429	tRNA+	0
chrXVI	860265	860465	protein_coding-	0
chrXVI	860328	860528	trna+	0
chrXVI	861156	861356	protein_coding+	0
chrXVI	861784	861984	protein_coding+	0.325
chrXVI	862711	862911	protein_coding-	0
chrXVI	866272	866472	protein_coding-	0
chrXVI	868154	868354	protein_coding-	0
chrXVI	869805	870005	protein_coding-	0.97
chrXVI	870553	870753	protein_coding+	0
chrXVI	875218	875418	protein_coding+	1.96
chrXVI	876479	876679	protein_coding-	0.1
chrXVI	877482	877682	protein_coding-	0
chrXVI	877926	878126	protein_coding+	0
chrXVI	878540	878740	protein_coding+	0
chrXVI	880219	880419	tRNA-	13.04
chrXVI	883089	883289	protein_coding+	0.84
chrXVI	883168	883368	protein_coding-	0.84
chrXVI	883228	883428	protein_coding+	0.745
chrXVI	883678	883878	protein_coding+	2
chrXVI	885646	885846	protein_coding+	0.29
chrXVI	887687	887887	protein_coding-	2.615
chrXVI	888558	888758	protein_coding-	0
chrXVI	888824	889024	protein_coding+	0
chrXVI	891928	892128	protein_coding-	0
chrXVI	892182	892382	protein_coding+	0
chrXVI	892534	892734	protein_coding-	0
chrXVI	895614	895814	protein_coding-	0
chrXVI	895811	896011	protein_coding+	0
chrXVI	899517	899717	protein_coding-	3.105
chrXVI	900044	900244	protein_coding+	1.94
chrXVI	900605	900805	protein_coding+	0
chrXVI	901894	902094	protein_coding+	0.38
chrXVI	907068	907268	protein_coding+	0
chrXVI	910872	911072	protein_coding-	0
chrXVI	911107	911307	protein_coding+	0
chrXVI	912329	912529	protein_coding-	0
chrXVI	912514	912714	protein_coding+	0
chrXVI	918891	919091	protein_coding-	0
chrXVI	919231	919431	protein_coding+	0.525
chrXVI	921710	921910	protein_coding+	0
chrXVI	923229	923429	protein_coding-	0
chrXVI	926787	926987	protein_coding-	0
chrXVI	928144	928344	protein_coding-	0
chrXVI	931226	931426	protein_coding+	0
chrXVI	933884	934084	protein_coding+	0
chrXVI	934311	934511	protein_coding-	0
chrXVI	938882	939082	protein_coding-	0
chrXVI	939521	939721	protein_coding-	0
chrXVI	939772	939972	protein_coding+	0
chrXVI	942882	943082	protein_coding+	0
chrXVI	943730	943930	protein_coding+	0
chrXVI	944453	944653	protein_coding+	0
chrXVI	947188	947388	protein_coding-	0
